--INSERT PARA alumno
INSERT INTO public.alumno (id_alumno, codigo_alumno, nombre, apellido_paterno, apellido_materno, dni, correo, fecha_nacimiento, telefono, direccion, foto_perfil, genero, tipo_alumno, observaciones, apoderado, tipo_institucion) VALUES (2, 'A002', 'María', 'López', 'Martínez', '87654321', 'maria.lopez@example.com', '1999-09-24', '987654322', 'Calle Falsa 456', '/imagenes/maria.png', 'Femenino', 'Primaria', 'Ninguna', NULL, 'C');
INSERT INTO public.alumno (id_alumno, codigo_alumno, nombre, apellido_paterno, apellido_materno, dni, correo, fecha_nacimiento, telefono, direccion, foto_perfil, genero, tipo_alumno, observaciones, apoderado, tipo_institucion) VALUES (1, 'A001', 'Alberto', 'Rodríguez', 'Suárez', '12345678', 'alberto.rodriguez@example.com', '2000-05-12', '987654321', 'Av. Siempre Viva 123', '/imagenes/juan.png', 'Masculino', 'Secundaria', 'Ninguna', NULL, 'C');
INSERT INTO public.alumno (id_alumno, codigo_alumno, nombre, apellido_paterno, apellido_materno, dni, correo, fecha_nacimiento, telefono, direccion, foto_perfil, genero, tipo_alumno, observaciones, apoderado, tipo_institucion) VALUES (3, 'A003', 'Carlos', 'Ramírez', 'Torres', '23456789', 'carlos.ramirez@example.com', '1998-12-02', '987654323', 'Jirón Perú 789', '/imagenes/carlos.png', 'Masculino', 'Pregrado', 'Bajo rendimiento en el último periodo', 'Fernando Ramírez', 'U');


--INSERT PARA curso
INSERT INTO public.curso (id_curso, codigo_curso, descripcion_curso, creditos, modalidad, nivel) VALUES (1, 'C001', 'Matemáticas Básicas', 3, 'Presencial', 'Primaria');
INSERT INTO public.curso (id_curso, codigo_curso, descripcion_curso, creditos, modalidad, nivel) VALUES (2, 'C002', 'Lenguaje y Comunicación', 2.5, 'Presencial', 'Primaria');
INSERT INTO public.curso (id_curso, codigo_curso, descripcion_curso, creditos, modalidad, nivel) VALUES (3, 'C003', 'Ciencias Naturales', 2.5, 'Presencial', 'Primaria');
INSERT INTO public.curso (id_curso, codigo_curso, descripcion_curso, creditos, modalidad, nivel) VALUES (4, 'C004', 'Historia y Geografía', 2, 'Presencial', 'Primaria');
INSERT INTO public.curso (id_curso, codigo_curso, descripcion_curso, creditos, modalidad, nivel) VALUES (5, 'C005', 'Educación Física', 1.5, 'Presencial', 'Primaria');
INSERT INTO public.curso (id_curso, codigo_curso, descripcion_curso, creditos, modalidad, nivel) VALUES (6, 'C006', 'Inglés Básico', 3, 'Presencial', 'Secundaria');
INSERT INTO public.curso (id_curso, codigo_curso, descripcion_curso, creditos, modalidad, nivel) VALUES (7, 'C007', 'Artes Plásticas', 2, 'Presencial', 'Secundaria');
INSERT INTO public.curso (id_curso, codigo_curso, descripcion_curso, creditos, modalidad, nivel) VALUES (8, 'C008', 'Cívica y Ética', 2, 'Presencial', 'Secundaria');
INSERT INTO public.curso (id_curso, codigo_curso, descripcion_curso, creditos, modalidad, nivel) VALUES (9, 'C009', 'Música', 1.5, 'Presencial', 'Secundaria');
INSERT INTO public.curso (id_curso, codigo_curso, descripcion_curso, creditos, modalidad, nivel) VALUES (10, 'C010', 'Computación Básica', 3, 'Virtual', 'Secundaria');
INSERT INTO public.curso (id_curso, codigo_curso, descripcion_curso, creditos, modalidad, nivel) VALUES (11, 'U001', 'Cálculo Diferencial', 4, 'Presencial', 'Pregrado');
INSERT INTO public.curso (id_curso, codigo_curso, descripcion_curso, creditos, modalidad, nivel) VALUES (12, 'U002', 'Programación I', 3.5, 'Presencial', 'Pregrado');
INSERT INTO public.curso (id_curso, codigo_curso, descripcion_curso, creditos, modalidad, nivel) VALUES (13, 'U003', 'Física I', 4, 'Presencial', 'Pregrado');
INSERT INTO public.curso (id_curso, codigo_curso, descripcion_curso, creditos, modalidad, nivel) VALUES (14, 'U004', 'Álgebra Lineal', 4, 'Presencial', 'Pregrado');
INSERT INTO public.curso (id_curso, codigo_curso, descripcion_curso, creditos, modalidad, nivel) VALUES (15, 'U005', 'Introducción a la Economía', 3, 'Presencial', 'Pregrado');
INSERT INTO public.curso (id_curso, codigo_curso, descripcion_curso, creditos, modalidad, nivel) VALUES (16, 'U006', 'Estadística Aplicada', 3.5, 'Virtual', 'Pregrado');
INSERT INTO public.curso (id_curso, codigo_curso, descripcion_curso, creditos, modalidad, nivel) VALUES (17, 'U007', 'Administración General', 3, 'Presencial', 'Pregrado');
INSERT INTO public.curso (id_curso, codigo_curso, descripcion_curso, creditos, modalidad, nivel) VALUES (18, 'U008', 'Contabilidad Financiera', 3, 'Presencial', 'Pregrado');
INSERT INTO public.curso (id_curso, codigo_curso, descripcion_curso, creditos, modalidad, nivel) VALUES (19, 'U009', 'Ingeniería de Software', 4, 'Virtual', 'Pregrado');
INSERT INTO public.curso (id_curso, codigo_curso, descripcion_curso, creditos, modalidad, nivel) VALUES (20, 'U010', 'Derecho Constitucional', 3, 'Presencial', 'Pregrado');


--INSERT PARA docente
INSERT INTO public.docente (id_docente, codigo_docente, nombre, apellido_paterno, apellido_materno, dni, correo, telefono, tipo_docente) VALUES (1, 'D001', 'Juan', 'Pérez', 'González', '12345678', 'juan.perez@mail.com', '987654321', 'Titular');
INSERT INTO public.docente (id_docente, codigo_docente, nombre, apellido_paterno, apellido_materno, dni, correo, telefono, tipo_docente) VALUES (2, 'D002', 'Ana', 'Ramírez', 'Lopez', '23456789', 'ana.ramirez@mail.com', '987654322', 'Titular');
INSERT INTO public.docente (id_docente, codigo_docente, nombre, apellido_paterno, apellido_materno, dni, correo, telefono, tipo_docente) VALUES (3, 'D003', 'Carlos', 'Mendoza', 'Hernández', '34567890', 'carlos.mendoza@mail.com', '987654323', 'Titular');
INSERT INTO public.docente (id_docente, codigo_docente, nombre, apellido_paterno, apellido_materno, dni, correo, telefono, tipo_docente) VALUES (4, 'D004', 'María', 'García', 'Sánchez', '45678901', 'maria.garcia@mail.com', '987654324', 'Contratado');
INSERT INTO public.docente (id_docente, codigo_docente, nombre, apellido_paterno, apellido_materno, dni, correo, telefono, tipo_docente) VALUES (5, 'D005', 'Luis', 'Torres', 'Martínez', '56789012', 'luis.torres@mail.com', '987654325', 'Titular');
INSERT INTO public.docente (id_docente, codigo_docente, nombre, apellido_paterno, apellido_materno, dni, correo, telefono, tipo_docente) VALUES (6, 'D006', 'Laura', 'Vega', 'Fernández', '67890123', 'laura.vega@mail.com', '987654326', 'Contratado');
INSERT INTO public.docente (id_docente, codigo_docente, nombre, apellido_paterno, apellido_materno, dni, correo, telefono, tipo_docente) VALUES (7, 'D007', 'Pedro', 'Rojas', 'Jiménez', '78901234', 'pedro.rojas@mail.com', '987654327', 'Titular');
INSERT INTO public.docente (id_docente, codigo_docente, nombre, apellido_paterno, apellido_materno, dni, correo, telefono, tipo_docente) VALUES (8, 'D008', 'Carmen', 'Morales', 'Castro', '89012345', 'carmen.morales@mail.com', '987654328', 'Contratado');
INSERT INTO public.docente (id_docente, codigo_docente, nombre, apellido_paterno, apellido_materno, dni, correo, telefono, tipo_docente) VALUES (9, 'D009', 'Javier', 'Núñez', 'Ortiz', '90123456', 'javier.nunez@mail.com', '987654329', 'Titular');
INSERT INTO public.docente (id_docente, codigo_docente, nombre, apellido_paterno, apellido_materno, dni, correo, telefono, tipo_docente) VALUES (10, 'D010', 'Sofía', 'López', 'Silva', '01234567', 'sofia.lopez@mail.com', '987654330', 'Contratado');
INSERT INTO public.docente (id_docente, codigo_docente, nombre, apellido_paterno, apellido_materno, dni, correo, telefono, tipo_docente) VALUES (11, 'D011', 'Daniel', 'Alvarez', 'Vargas', '11223344', 'daniel.alvarez@mail.com', '987654331', 'Titular');
INSERT INTO public.docente (id_docente, codigo_docente, nombre, apellido_paterno, apellido_materno, dni, correo, telefono, tipo_docente) VALUES (12, 'D012', 'Gabriela', 'Cruz', 'Reyes', '22334455', 'gabriela.cruz@mail.com', '987654332', 'Contratado');
INSERT INTO public.docente (id_docente, codigo_docente, nombre, apellido_paterno, apellido_materno, dni, correo, telefono, tipo_docente) VALUES (13, 'D013', 'Ricardo', 'Salazar', 'Ríos', '33445566', 'ricardo.salazar@mail.com', '987654333', 'Titular');
INSERT INTO public.docente (id_docente, codigo_docente, nombre, apellido_paterno, apellido_materno, dni, correo, telefono, tipo_docente) VALUES (14, 'D014', 'Isabel', 'Paredes', 'Moreno', '44556677', 'isabel.paredes@mail.com', '987654334', 'Contratado');
INSERT INTO public.docente (id_docente, codigo_docente, nombre, apellido_paterno, apellido_materno, dni, correo, telefono, tipo_docente) VALUES (15, 'D015', 'Miguel', 'Gómez', 'Cabrera', '55667788', 'miguel.gomez@mail.com', '987654335', 'Titular');
INSERT INTO public.docente (id_docente, codigo_docente, nombre, apellido_paterno, apellido_materno, dni, correo, telefono, tipo_docente) VALUES (16, 'D016', 'Patricia', 'Flores', 'Navarro', '66778899', 'patricia.flores@mail.com', '987654336', 'Contratado');
INSERT INTO public.docente (id_docente, codigo_docente, nombre, apellido_paterno, apellido_materno, dni, correo, telefono, tipo_docente) VALUES (17, 'D017', 'Roberto', 'Santos', 'Castillo', '77889900', 'roberto.santos@mail.com', '987654337', 'Titular');
INSERT INTO public.docente (id_docente, codigo_docente, nombre, apellido_paterno, apellido_materno, dni, correo, telefono, tipo_docente) VALUES (18, 'D018', 'Lucía', 'Martínez', 'Mendoza', '88990011', 'lucia.martinez@mail.com', '987654338', 'Contratado');
INSERT INTO public.docente (id_docente, codigo_docente, nombre, apellido_paterno, apellido_materno, dni, correo, telefono, tipo_docente) VALUES (19, 'D019', 'Andrés', 'Delgado', 'Fuentes', '99001122', 'andres.delgado@mail.com', '987654339', 'Titular');
INSERT INTO public.docente (id_docente, codigo_docente, nombre, apellido_paterno, apellido_materno, dni, correo, telefono, tipo_docente) VALUES (20, 'D020', 'Natalia', 'Vargas', 'Lara', '00112233', 'natalia.vargas@mail.com', '987654340', 'Contratado');



--INSERT PARA periodoacademico
INSERT INTO public.periodoacademico (id_periodo, codigo_periodo, descripcion_periodo, tipo_periodo, estado_periodo, fecha_inicio, fecha_fin, anio) VALUES (2, 'BIM2-2024', 'Bimestre 2 - 2024', 'Bimestre', 'Activo', '2024-06-01', '2024-07-31', 2024);
INSERT INTO public.periodoacademico (id_periodo, codigo_periodo, descripcion_periodo, tipo_periodo, estado_periodo, fecha_inicio, fecha_fin, anio) VALUES (3, 'BIM3-2024', 'Bimestre 3 - 2024', 'Bimestre', 'Activo', '2024-08-01', '2024-09-30', 2024);
INSERT INTO public.periodoacademico (id_periodo, codigo_periodo, descripcion_periodo, tipo_periodo, estado_periodo, fecha_inicio, fecha_fin, anio) VALUES (4, 'BIM4-2024', 'Bimestre 4 - 2024', 'Bimestre', 'Activo', '2024-10-01', '2024-12-31', 2024);
INSERT INTO public.periodoacademico (id_periodo, codigo_periodo, descripcion_periodo, tipo_periodo, estado_periodo, fecha_inicio, fecha_fin, anio) VALUES (6, 'BIM2-2025', 'Bimestre 2 - 2025', 'Bimestre', 'Activo', '2025-06-01', '2025-07-31', 2025);
INSERT INTO public.periodoacademico (id_periodo, codigo_periodo, descripcion_periodo, tipo_periodo, estado_periodo, fecha_inicio, fecha_fin, anio) VALUES (7, 'BIM3-2025', 'Bimestre 3 - 2025', 'Bimestre', 'Activo', '2025-08-01', '2025-09-30', 2025);
INSERT INTO public.periodoacademico (id_periodo, codigo_periodo, descripcion_periodo, tipo_periodo, estado_periodo, fecha_inicio, fecha_fin, anio) VALUES (8, 'BIM4-2025', 'Bimestre 4 - 2025', 'Bimestre', 'Activo', '2025-10-01', '2025-12-31', 2025);
INSERT INTO public.periodoacademico (id_periodo, codigo_periodo, descripcion_periodo, tipo_periodo, estado_periodo, fecha_inicio, fecha_fin, anio) VALUES (9, 'BIM1-2026', 'Bimestre 1 - 2026', 'Bimestre', 'Activo', '2026-04-01', '2026-05-31', 2026);
INSERT INTO public.periodoacademico (id_periodo, codigo_periodo, descripcion_periodo, tipo_periodo, estado_periodo, fecha_inicio, fecha_fin, anio) VALUES (10, 'BIM2-2026', 'Bimestre 2 - 2026', 'Bimestre', 'Activo', '2026-06-01', '2026-07-31', 2026);
INSERT INTO public.periodoacademico (id_periodo, codigo_periodo, descripcion_periodo, tipo_periodo, estado_periodo, fecha_inicio, fecha_fin, anio) VALUES (11, 'BIM3-2026', 'Bimestre 3 - 2026', 'Bimestre', 'Activo', '2026-08-01', '2026-09-30', 2026);
INSERT INTO public.periodoacademico (id_periodo, codigo_periodo, descripcion_periodo, tipo_periodo, estado_periodo, fecha_inicio, fecha_fin, anio) VALUES (12, 'BIM4-2026', 'Bimestre 4 - 2026', 'Bimestre', 'Activo', '2026-10-01', '2026-12-31', 2026);
INSERT INTO public.periodoacademico (id_periodo, codigo_periodo, descripcion_periodo, tipo_periodo, estado_periodo, fecha_inicio, fecha_fin, anio) VALUES (13, 'CICLO1-2024', 'Ciclo 1 - 2024', 'Ciclo', 'Activo', '2024-04-01', '2024-09-30', 2024);
INSERT INTO public.periodoacademico (id_periodo, codigo_periodo, descripcion_periodo, tipo_periodo, estado_periodo, fecha_inicio, fecha_fin, anio) VALUES (14, 'CICLO2-2024', 'Ciclo 2 - 2024', 'Ciclo', 'Activo', '2024-10-01', '2024-12-31', 2024);
INSERT INTO public.periodoacademico (id_periodo, codigo_periodo, descripcion_periodo, tipo_periodo, estado_periodo, fecha_inicio, fecha_fin, anio) VALUES (15, 'CICLO1-2025', 'Ciclo 1 - 2025', 'Ciclo', 'Activo', '2025-04-01', '2025-09-30', 2025);
INSERT INTO public.periodoacademico (id_periodo, codigo_periodo, descripcion_periodo, tipo_periodo, estado_periodo, fecha_inicio, fecha_fin, anio) VALUES (16, 'CICLO2-2025', 'Ciclo 2 - 2025', 'Ciclo', 'Activo', '2025-10-01', '2025-12-31', 2025);
INSERT INTO public.periodoacademico (id_periodo, codigo_periodo, descripcion_periodo, tipo_periodo, estado_periodo, fecha_inicio, fecha_fin, anio) VALUES (17, 'CICLO1-2026', 'Ciclo 1 - 2026', 'Ciclo', 'Activo', '2026-04-01', '2026-09-30', 2026);
INSERT INTO public.periodoacademico (id_periodo, codigo_periodo, descripcion_periodo, tipo_periodo, estado_periodo, fecha_inicio, fecha_fin, anio) VALUES (18, 'CICLO2-2026', 'Ciclo 2 - 2026', 'Ciclo', 'Activo', '2026-10-01', '2026-12-31', 2026);
INSERT INTO public.periodoacademico (id_periodo, codigo_periodo, descripcion_periodo, tipo_periodo, estado_periodo, fecha_inicio, fecha_fin, anio) VALUES (19, 'CICLO1-2027', 'Ciclo 1 - 2027', 'Ciclo', 'Activo', '2027-04-01', '2027-09-30', 2027);
INSERT INTO public.periodoacademico (id_periodo, codigo_periodo, descripcion_periodo, tipo_periodo, estado_periodo, fecha_inicio, fecha_fin, anio) VALUES (20, 'CICLO2-2027', 'Ciclo 2 - 2027', 'Ciclo', 'Activo', '2027-10-01', '2027-12-31', 2027);
INSERT INTO public.periodoacademico (id_periodo, codigo_periodo, descripcion_periodo, tipo_periodo, estado_periodo, fecha_inicio, fecha_fin, anio) VALUES (21, 'CICLO1-2028', 'Ciclo 1 - 2028', 'Ciclo', 'Activo', '2028-04-01', '2028-09-30', 2028);
INSERT INTO public.periodoacademico (id_periodo, codigo_periodo, descripcion_periodo, tipo_periodo, estado_periodo, fecha_inicio, fecha_fin, anio) VALUES (22, 'CICLO2-2028', 'Ciclo 2 - 2028', 'Ciclo', 'Activo', '2028-10-01', '2028-12-31', 2028);
INSERT INTO public.periodoacademico (id_periodo, codigo_periodo, descripcion_periodo, tipo_periodo, estado_periodo, fecha_inicio, fecha_fin, anio) VALUES (1, 'BIM1-2024', 'Bimestre 1 - 2024', 'Bimestre', 'Activo', '2024-04-01', '2024-05-31', 2024);
INSERT INTO public.periodoacademico (id_periodo, codigo_periodo, descripcion_periodo, tipo_periodo, estado_periodo, fecha_inicio, fecha_fin, anio) VALUES (5, 'BIM1-2025', 'Bimestre 1 - 2025', 'Bimestre', 'Activo', '2025-01-01', '2025-05-31', 2025);


--INSERT PARA seccion
INSERT INTO public.seccion (id_seccion, codigo_seccion, descripcion, nivel, grado, ciclo) VALUES (1, 'SEC-001', 'Sección 1', 'Primaria', '1', NULL);
INSERT INTO public.seccion (id_seccion, codigo_seccion, descripcion, nivel, grado, ciclo) VALUES (2, 'SEC-002', 'Sección 2', 'Primaria', '1', NULL);
INSERT INTO public.seccion (id_seccion, codigo_seccion, descripcion, nivel, grado, ciclo) VALUES (3, 'SEC-003', 'Sección 3', 'Primaria', '1', NULL);
INSERT INTO public.seccion (id_seccion, codigo_seccion, descripcion, nivel, grado, ciclo) VALUES (4, 'SEC-004', 'Sección 4', 'Primaria', '1', NULL);
INSERT INTO public.seccion (id_seccion, codigo_seccion, descripcion, nivel, grado, ciclo) VALUES (5, 'SEC-005', 'Sección 5', 'Primaria', '2', NULL);
INSERT INTO public.seccion (id_seccion, codigo_seccion, descripcion, nivel, grado, ciclo) VALUES (6, 'SEC-006', 'Sección 6', 'Primaria', '2', NULL);
INSERT INTO public.seccion (id_seccion, codigo_seccion, descripcion, nivel, grado, ciclo) VALUES (7, 'SEC-007', 'Sección 7', 'Primaria', '2', NULL);
INSERT INTO public.seccion (id_seccion, codigo_seccion, descripcion, nivel, grado, ciclo) VALUES (8, 'SEC-008', 'Sección 8', 'Primaria', '3', NULL);
INSERT INTO public.seccion (id_seccion, codigo_seccion, descripcion, nivel, grado, ciclo) VALUES (9, 'SEC-009', 'Sección 9', 'Primaria', '3', NULL);
INSERT INTO public.seccion (id_seccion, codigo_seccion, descripcion, nivel, grado, ciclo) VALUES (10, 'SEC-010', 'Sección 10', 'Primaria', '4', NULL);
INSERT INTO public.seccion (id_seccion, codigo_seccion, descripcion, nivel, grado, ciclo) VALUES (11, 'SEC-011', 'Sección 11', 'Secundaria', '1', NULL);
INSERT INTO public.seccion (id_seccion, codigo_seccion, descripcion, nivel, grado, ciclo) VALUES (12, 'SEC-012', 'Sección 12', 'Secundaria', '1', NULL);
INSERT INTO public.seccion (id_seccion, codigo_seccion, descripcion, nivel, grado, ciclo) VALUES (13, 'SEC-013', 'Sección 13', 'Secundaria', '1', NULL);
INSERT INTO public.seccion (id_seccion, codigo_seccion, descripcion, nivel, grado, ciclo) VALUES (14, 'SEC-014', 'Sección 14', 'Secundaria', '1', NULL);
INSERT INTO public.seccion (id_seccion, codigo_seccion, descripcion, nivel, grado, ciclo) VALUES (15, 'SEC-015', 'Sección 15', 'Secundaria', '1', NULL);
INSERT INTO public.seccion (id_seccion, codigo_seccion, descripcion, nivel, grado, ciclo) VALUES (16, 'SEC-016', 'Sección 16', 'Secundaria', '2', NULL);
INSERT INTO public.seccion (id_seccion, codigo_seccion, descripcion, nivel, grado, ciclo) VALUES (17, 'SEC-017', 'Sección 17', 'Secundaria', '2', NULL);
INSERT INTO public.seccion (id_seccion, codigo_seccion, descripcion, nivel, grado, ciclo) VALUES (18, 'SEC-018', 'Sección 18', 'Secundaria', '3', NULL);
INSERT INTO public.seccion (id_seccion, codigo_seccion, descripcion, nivel, grado, ciclo) VALUES (19, 'SEC-019', 'Sección 19', 'Pregrado', NULL, '1');
INSERT INTO public.seccion (id_seccion, codigo_seccion, descripcion, nivel, grado, ciclo) VALUES (20, 'SEC-020', 'Sección 20', 'Pregrado', NULL, '1');
INSERT INTO public.seccion (id_seccion, codigo_seccion, descripcion, nivel, grado, ciclo) VALUES (21, 'SEC-021', 'Sección 21', 'Pregrado', NULL, '2');
INSERT INTO public.seccion (id_seccion, codigo_seccion, descripcion, nivel, grado, ciclo) VALUES (22, 'SEC-022', 'Sección 22', 'Pregrado', NULL, '2');
INSERT INTO public.seccion (id_seccion, codigo_seccion, descripcion, nivel, grado, ciclo) VALUES (23, 'SEC-023', 'Sección 23', 'Pregrado', NULL, '3');
INSERT INTO public.seccion (id_seccion, codigo_seccion, descripcion, nivel, grado, ciclo) VALUES (24, 'SEC-024', 'Sección 24', 'Pregrado', NULL, '3');
INSERT INTO public.seccion (id_seccion, codigo_seccion, descripcion, nivel, grado, ciclo) VALUES (25, 'SEC-025', 'Sección 25', 'Pregrado', NULL, '4');
INSERT INTO public.seccion (id_seccion, codigo_seccion, descripcion, nivel, grado, ciclo) VALUES (26, 'SEC-026', 'Sección 26', 'Pregrado', NULL, '5');
INSERT INTO public.seccion (id_seccion, codigo_seccion, descripcion, nivel, grado, ciclo) VALUES (27, 'SEC-027', 'Sección 27', 'Pregrado', NULL, '6');
INSERT INTO public.seccion (id_seccion, codigo_seccion, descripcion, nivel, grado, ciclo) VALUES (28, 'SEC-028', 'Sección 28', 'Pregrado', NULL, '6');
INSERT INTO public.seccion (id_seccion, codigo_seccion, descripcion, nivel, grado, ciclo) VALUES (29, 'SEC-029', 'Sección 29', 'Pregrado', NULL, '7');
INSERT INTO public.seccion (id_seccion, codigo_seccion, descripcion, nivel, grado, ciclo) VALUES (30, 'SEC-030', 'Sección 30', 'Pregrado', NULL, '8');


--INSERT PARA aula
INSERT INTO public.aula (id_aula, codigo_aula, descripcion_aula, tipo_aula, estado_aula) VALUES (1, 'AULA-001', 'Aula 1', 'Clase', 'Disponible');
INSERT INTO public.aula (id_aula, codigo_aula, descripcion_aula, tipo_aula, estado_aula) VALUES (2, 'AULA-002', 'Aula 2', 'Clase', 'Disponible');
INSERT INTO public.aula (id_aula, codigo_aula, descripcion_aula, tipo_aula, estado_aula) VALUES (3, 'AULA-003', 'Aula 3', 'Laboratorio', 'Ocupada');
INSERT INTO public.aula (id_aula, codigo_aula, descripcion_aula, tipo_aula, estado_aula) VALUES (4, 'AULA-004', 'Aula 4', 'Clase', 'Disponible');
INSERT INTO public.aula (id_aula, codigo_aula, descripcion_aula, tipo_aula, estado_aula) VALUES (5, 'AULA-005', 'Aula 5', 'Clase', 'Ocupada');
INSERT INTO public.aula (id_aula, codigo_aula, descripcion_aula, tipo_aula, estado_aula) VALUES (6, 'AULA-006', 'Aula 6', 'Laboratorio', 'Disponible');
INSERT INTO public.aula (id_aula, codigo_aula, descripcion_aula, tipo_aula, estado_aula) VALUES (7, 'AULA-007', 'Aula 7', 'Clase', 'Disponible');
INSERT INTO public.aula (id_aula, codigo_aula, descripcion_aula, tipo_aula, estado_aula) VALUES (8, 'AULA-008', 'Aula 8', 'Clase', 'Ocupada');
INSERT INTO public.aula (id_aula, codigo_aula, descripcion_aula, tipo_aula, estado_aula) VALUES (9, 'AULA-009', 'Aula 9', 'Auditorio', 'Disponible');
INSERT INTO public.aula (id_aula, codigo_aula, descripcion_aula, tipo_aula, estado_aula) VALUES (10, 'AULA-010', 'Aula 10', 'Clase', 'Ocupada');
INSERT INTO public.aula (id_aula, codigo_aula, descripcion_aula, tipo_aula, estado_aula) VALUES (11, 'AULA-011', 'Aula 11', 'Laboratorio', 'Disponible');
INSERT INTO public.aula (id_aula, codigo_aula, descripcion_aula, tipo_aula, estado_aula) VALUES (12, 'AULA-012', 'Aula 12', 'Clase', 'Disponible');
INSERT INTO public.aula (id_aula, codigo_aula, descripcion_aula, tipo_aula, estado_aula) VALUES (13, 'AULA-013', 'Aula 13', 'Clase', 'Ocupada');
INSERT INTO public.aula (id_aula, codigo_aula, descripcion_aula, tipo_aula, estado_aula) VALUES (14, 'AULA-014', 'Aula 14', 'Laboratorio', 'Disponible');
INSERT INTO public.aula (id_aula, codigo_aula, descripcion_aula, tipo_aula, estado_aula) VALUES (15, 'AULA-015', 'Aula 15', 'Clase', 'Disponible');
INSERT INTO public.aula (id_aula, codigo_aula, descripcion_aula, tipo_aula, estado_aula) VALUES (16, 'AULA-016', 'Aula 16', 'Clase', 'Ocupada');
INSERT INTO public.aula (id_aula, codigo_aula, descripcion_aula, tipo_aula, estado_aula) VALUES (17, 'AULA-017', 'Aula 17', 'Auditorio', 'Disponible');
INSERT INTO public.aula (id_aula, codigo_aula, descripcion_aula, tipo_aula, estado_aula) VALUES (18, 'AULA-018', 'Aula 18', 'Clase', 'Ocupada');
INSERT INTO public.aula (id_aula, codigo_aula, descripcion_aula, tipo_aula, estado_aula) VALUES (19, 'AULA-019', 'Aula 19', 'Clase', 'Disponible');
INSERT INTO public.aula (id_aula, codigo_aula, descripcion_aula, tipo_aula, estado_aula) VALUES (20, 'AULA-020', 'Aula 20', 'Laboratorio', 'Ocupada');
INSERT INTO public.aula (id_aula, codigo_aula, descripcion_aula, tipo_aula, estado_aula) VALUES (21, 'AULA-021', 'Aula 21', 'Clase', 'Disponible');
INSERT INTO public.aula (id_aula, codigo_aula, descripcion_aula, tipo_aula, estado_aula) VALUES (22, 'AULA-022', 'Aula 22', 'Clase', 'Ocupada');
INSERT INTO public.aula (id_aula, codigo_aula, descripcion_aula, tipo_aula, estado_aula) VALUES (23, 'AULA-023', 'Aula 23', 'Auditorio', 'Disponible');
INSERT INTO public.aula (id_aula, codigo_aula, descripcion_aula, tipo_aula, estado_aula) VALUES (24, 'AULA-024', 'Aula 24', 'Clase', 'Ocupada');
INSERT INTO public.aula (id_aula, codigo_aula, descripcion_aula, tipo_aula, estado_aula) VALUES (25, 'AULA-025', 'Aula 25', 'Laboratorio', 'Disponible');
INSERT INTO public.aula (id_aula, codigo_aula, descripcion_aula, tipo_aula, estado_aula) VALUES (26, 'AULA-026', 'Aula 26', 'Clase', 'Disponible');
INSERT INTO public.aula (id_aula, codigo_aula, descripcion_aula, tipo_aula, estado_aula) VALUES (27, 'AULA-027', 'Aula 27', 'Clase', 'Ocupada');
INSERT INTO public.aula (id_aula, codigo_aula, descripcion_aula, tipo_aula, estado_aula) VALUES (28, 'AULA-028', 'Aula 28', 'Laboratorio', 'Disponible');
INSERT INTO public.aula (id_aula, codigo_aula, descripcion_aula, tipo_aula, estado_aula) VALUES (29, 'AULA-029', 'Aula 29', 'Clase', 'Ocupada');
INSERT INTO public.aula (id_aula, codigo_aula, descripcion_aula, tipo_aula, estado_aula) VALUES (30, 'AULA-030', 'Aula 30', 'Clase', 'Disponible');


--INSERT PARA sede
INSERT INTO public.sede (id_sede, codigo_sede, descripcion_sede, direccion, telefono, estado_sede) VALUES (1, 'SEDE001', 'Sede Central', 'Av. Principal 123, Ciudad', '123-456-789', 'Activo');


--INSERT PARA matricula
INSERT INTO public.matricula (id_matricula, id_alumno, fecha_inicio, fecha_fin, tipo_matricula, estado_matricula, id_seccion, observaciones, veces) VALUES (3, 3, '2024-04-01', '2023-12-31', 'Anual', 'Activa', 3, 'Ninguna', NULL);
INSERT INTO public.matricula (id_matricula, id_alumno, fecha_inicio, fecha_fin, tipo_matricula, estado_matricula, id_seccion, observaciones, veces) VALUES (5, 2, '2023-04-01', '2022-12-31', 'Anual', 'Activa', 5, 'Ninguna', NULL);
INSERT INTO public.matricula (id_matricula, id_alumno, fecha_inicio, fecha_fin, tipo_matricula, estado_matricula, id_seccion, observaciones, veces) VALUES (1, 1, '2024-04-01', '2023-12-31', 'Anual', 'Activa', 1, 'Ninguna', NULL);
INSERT INTO public.matricula (id_matricula, id_alumno, fecha_inicio, fecha_fin, tipo_matricula, estado_matricula, id_seccion, observaciones, veces) VALUES (8, 2, '2021-04-01', '2021-12-31', 'Anual', 'Activa', 8, 'Ninguna', NULL);
INSERT INTO public.matricula (id_matricula, id_alumno, fecha_inicio, fecha_fin, tipo_matricula, estado_matricula, id_seccion, observaciones, veces) VALUES (9, 3, '2022-04-01', '2021-12-31', 'Anual', 'Activa', 9, 'Ninguna', NULL);
INSERT INTO public.matricula (id_matricula, id_alumno, fecha_inicio, fecha_fin, tipo_matricula, estado_matricula, id_seccion, observaciones, veces) VALUES (2, 2, '2024-04-01', '2023-12-31', 'Anual', 'Activa', 2, 'Ninguna', NULL);
INSERT INTO public.matricula (id_matricula, id_alumno, fecha_inicio, fecha_fin, tipo_matricula, estado_matricula, id_seccion, observaciones, veces) VALUES (4, 1, '2023-04-01', '2022-12-31', 'Anual', 'Activa', 4, 'Ninguna', NULL);
INSERT INTO public.matricula (id_matricula, id_alumno, fecha_inicio, fecha_fin, tipo_matricula, estado_matricula, id_seccion, observaciones, veces) VALUES (6, 3, '2023-04-01', '2022-12-31', 'Anual', 'Activa', 6, 'Ninguna', NULL);
INSERT INTO public.matricula (id_matricula, id_alumno, fecha_inicio, fecha_fin, tipo_matricula, estado_matricula, id_seccion, observaciones, veces) VALUES (7, 1, '2022-04-01', '2022-12-31', 'Anual', 'Activa', 7, 'Ninguna', NULL);


--INSERT PARA horario
INSERT INTO public.horario (id_horario, nombre_dia, numero_dia, fecha_inicio, fecha_fin, hora_inicio, hora_fin) VALUES (2, 'Lunes', 0, '2024-04-01', '2024-12-31', '10:00:00', '12:00:00');
INSERT INTO public.horario (id_horario, nombre_dia, numero_dia, fecha_inicio, fecha_fin, hora_inicio, hora_fin) VALUES (3, 'Lunes', 0, '2024-04-01', '2024-12-31', '14:00:00', '16:00:00');
INSERT INTO public.horario (id_horario, nombre_dia, numero_dia, fecha_inicio, fecha_fin, hora_inicio, hora_fin) VALUES (4, 'Lunes', 0, '2024-04-01', '2024-12-31', '16:00:00', '18:00:00');
INSERT INTO public.horario (id_horario, nombre_dia, numero_dia, fecha_inicio, fecha_fin, hora_inicio, hora_fin) VALUES (5, 'Martes', 1, '2024-04-01', '2024-12-31', '08:00:00', '10:00:00');
INSERT INTO public.horario (id_horario, nombre_dia, numero_dia, fecha_inicio, fecha_fin, hora_inicio, hora_fin) VALUES (6, 'Martes', 1, '2024-04-01', '2024-12-31', '10:00:00', '12:00:00');
INSERT INTO public.horario (id_horario, nombre_dia, numero_dia, fecha_inicio, fecha_fin, hora_inicio, hora_fin) VALUES (7, 'Martes', 1, '2024-04-01', '2024-12-31', '14:00:00', '16:00:00');
INSERT INTO public.horario (id_horario, nombre_dia, numero_dia, fecha_inicio, fecha_fin, hora_inicio, hora_fin) VALUES (8, 'Martes', 1, '2024-04-01', '2024-12-31', '16:00:00', '18:00:00');
INSERT INTO public.horario (id_horario, nombre_dia, numero_dia, fecha_inicio, fecha_fin, hora_inicio, hora_fin) VALUES (9, 'Miércoles', 2, '2024-04-01', '2024-12-31', '08:00:00', '10:00:00');
INSERT INTO public.horario (id_horario, nombre_dia, numero_dia, fecha_inicio, fecha_fin, hora_inicio, hora_fin) VALUES (10, 'Miércoles', 2, '2024-04-01', '2024-12-31', '10:00:00', '12:00:00');
INSERT INTO public.horario (id_horario, nombre_dia, numero_dia, fecha_inicio, fecha_fin, hora_inicio, hora_fin) VALUES (11, 'Miércoles', 2, '2024-04-01', '2024-12-31', '14:00:00', '16:00:00');
INSERT INTO public.horario (id_horario, nombre_dia, numero_dia, fecha_inicio, fecha_fin, hora_inicio, hora_fin) VALUES (12, 'Miércoles', 2, '2024-04-01', '2024-12-31', '16:00:00', '18:00:00');
INSERT INTO public.horario (id_horario, nombre_dia, numero_dia, fecha_inicio, fecha_fin, hora_inicio, hora_fin) VALUES (13, 'Jueves', 3, '2024-04-01', '2024-12-31', '08:00:00', '10:00:00');
INSERT INTO public.horario (id_horario, nombre_dia, numero_dia, fecha_inicio, fecha_fin, hora_inicio, hora_fin) VALUES (14, 'Jueves', 3, '2024-04-01', '2024-12-31', '10:00:00', '12:00:00');
INSERT INTO public.horario (id_horario, nombre_dia, numero_dia, fecha_inicio, fecha_fin, hora_inicio, hora_fin) VALUES (15, 'Jueves', 3, '2024-04-01', '2024-12-31', '14:00:00', '16:00:00');
INSERT INTO public.horario (id_horario, nombre_dia, numero_dia, fecha_inicio, fecha_fin, hora_inicio, hora_fin) VALUES (16, 'Jueves', 3, '2024-04-01', '2024-12-31', '16:00:00', '18:00:00');
INSERT INTO public.horario (id_horario, nombre_dia, numero_dia, fecha_inicio, fecha_fin, hora_inicio, hora_fin) VALUES (17, 'Viernes', 4, '2024-04-01', '2024-12-31', '08:00:00', '10:00:00');
INSERT INTO public.horario (id_horario, nombre_dia, numero_dia, fecha_inicio, fecha_fin, hora_inicio, hora_fin) VALUES (18, 'Viernes', 4, '2024-04-01', '2024-12-31', '10:00:00', '12:00:00');
INSERT INTO public.horario (id_horario, nombre_dia, numero_dia, fecha_inicio, fecha_fin, hora_inicio, hora_fin) VALUES (19, 'Viernes', 4, '2024-04-01', '2024-12-31', '14:00:00', '16:00:00');
INSERT INTO public.horario (id_horario, nombre_dia, numero_dia, fecha_inicio, fecha_fin, hora_inicio, hora_fin) VALUES (20, 'Viernes', 4, '2024-04-01', '2024-12-31', '16:00:00', '18:00:00');
INSERT INTO public.horario (id_horario, nombre_dia, numero_dia, fecha_inicio, fecha_fin, hora_inicio, hora_fin) VALUES (21, 'Sábado', 5, '2024-04-01', '2024-12-31', '08:00:00', '10:00:00');
INSERT INTO public.horario (id_horario, nombre_dia, numero_dia, fecha_inicio, fecha_fin, hora_inicio, hora_fin) VALUES (22, 'Sábado', 5, '2024-04-01', '2024-12-31', '10:00:00', '12:00:00');
INSERT INTO public.horario (id_horario, nombre_dia, numero_dia, fecha_inicio, fecha_fin, hora_inicio, hora_fin) VALUES (23, 'Sábado', 5, '2024-04-01', '2024-12-31', '14:00:00', '16:00:00');
INSERT INTO public.horario (id_horario, nombre_dia, numero_dia, fecha_inicio, fecha_fin, hora_inicio, hora_fin) VALUES (24, 'Sábado', 5, '2024-04-01', '2024-12-31', '16:00:00', '18:00:00');
INSERT INTO public.horario (id_horario, nombre_dia, numero_dia, fecha_inicio, fecha_fin, hora_inicio, hora_fin) VALUES (25, 'Martes', 1, '2024-09-01', '2024-12-01', '10:00:00', '12:00:00');
INSERT INTO public.horario (id_horario, nombre_dia, numero_dia, fecha_inicio, fecha_fin, hora_inicio, hora_fin) VALUES (27, 'Jueves', 3, '2024-09-01', '2024-12-01', '18:00:00', '20:00:00');
INSERT INTO public.horario (id_horario, nombre_dia, numero_dia, fecha_inicio, fecha_fin, hora_inicio, hora_fin) VALUES (26, 'Miércoles', 2, '2024-09-01', '2024-12-01', '18:00:00', '20:00:00');
INSERT INTO public.horario (id_horario, nombre_dia, numero_dia, fecha_inicio, fecha_fin, hora_inicio, hora_fin) VALUES (28, 'Viernes', 4, '2024-09-01', '2024-12-01', '18:00:00', '20:00:00');
INSERT INTO public.horario (id_horario, nombre_dia, numero_dia, fecha_inicio, fecha_fin, hora_inicio, hora_fin) VALUES (29, 'Lunes', 0, '2024-09-01', '2024-12-01', '18:00:00', '20:00:00');
INSERT INTO public.horario (id_horario, nombre_dia, numero_dia, fecha_inicio, fecha_fin, hora_inicio, hora_fin) VALUES (1, 'Lunes', 0, '2024-04-01', '2024-12-31', '12:00:00', '14:00:00');


--INSERT PARA detalleseccionasignada
INSERT INTO public.detalleseccionasignada (id_detalle, turno, id_horario, id_seccion, id_docente, id_curso, id_periodo, id_aula, id_sede, rol_docente) VALUES (1, 'Mañana', 1, 1, 1, 1, 1, 1, 1, 'Principal');
INSERT INTO public.detalleseccionasignada (id_detalle, turno, id_horario, id_seccion, id_docente, id_curso, id_periodo, id_aula, id_sede, rol_docente) VALUES (2, 'Mañana', 2, 2, 2, 2, 2, 2, 1, 'Principal');
INSERT INTO public.detalleseccionasignada (id_detalle, turno, id_horario, id_seccion, id_docente, id_curso, id_periodo, id_aula, id_sede, rol_docente) VALUES (3, 'Mañana', 3, 3, 3, 3, 3, 3, 1, 'Principal');
INSERT INTO public.detalleseccionasignada (id_detalle, turno, id_horario, id_seccion, id_docente, id_curso, id_periodo, id_aula, id_sede, rol_docente) VALUES (4, 'Mañana', 4, 4, 4, 4, 4, 4, 1, 'Principal');
INSERT INTO public.detalleseccionasignada (id_detalle, turno, id_horario, id_seccion, id_docente, id_curso, id_periodo, id_aula, id_sede, rol_docente) VALUES (6, 'Tarde', 6, 6, 6, 6, 6, 6, 1, 'Principal');
INSERT INTO public.detalleseccionasignada (id_detalle, turno, id_horario, id_seccion, id_docente, id_curso, id_periodo, id_aula, id_sede, rol_docente) VALUES (7, 'Tarde', 7, 7, 7, 7, 7, 7, 1, 'Principal');
INSERT INTO public.detalleseccionasignada (id_detalle, turno, id_horario, id_seccion, id_docente, id_curso, id_periodo, id_aula, id_sede, rol_docente) VALUES (9, 'Tarde', 9, 9, 9, 9, 9, 9, 1, 'Principal');
INSERT INTO public.detalleseccionasignada (id_detalle, turno, id_horario, id_seccion, id_docente, id_curso, id_periodo, id_aula, id_sede, rol_docente) VALUES (10, 'Tarde', 10, 10, 10, 10, 10, 10, 1, 'Principal');
INSERT INTO public.detalleseccionasignada (id_detalle, turno, id_horario, id_seccion, id_docente, id_curso, id_periodo, id_aula, id_sede, rol_docente) VALUES (11, 'Mañana', 11, 11, 11, 11, 11, 11, 1, 'Principal');
INSERT INTO public.detalleseccionasignada (id_detalle, turno, id_horario, id_seccion, id_docente, id_curso, id_periodo, id_aula, id_sede, rol_docente) VALUES (12, 'Mañana', 12, 12, 12, 12, 12, 12, 1, 'Principal');
INSERT INTO public.detalleseccionasignada (id_detalle, turno, id_horario, id_seccion, id_docente, id_curso, id_periodo, id_aula, id_sede, rol_docente) VALUES (13, 'Mañana', 13, 13, 13, 13, 13, 13, 1, 'Principal');
INSERT INTO public.detalleseccionasignada (id_detalle, turno, id_horario, id_seccion, id_docente, id_curso, id_periodo, id_aula, id_sede, rol_docente) VALUES (14, 'Mañana', 14, 14, 14, 14, 14, 14, 1, 'Principal');
INSERT INTO public.detalleseccionasignada (id_detalle, turno, id_horario, id_seccion, id_docente, id_curso, id_periodo, id_aula, id_sede, rol_docente) VALUES (15, 'Mañana', 15, 15, 15, 15, 15, 15, 1, 'Principal');
INSERT INTO public.detalleseccionasignada (id_detalle, turno, id_horario, id_seccion, id_docente, id_curso, id_periodo, id_aula, id_sede, rol_docente) VALUES (16, 'Tarde', 16, 16, 16, 16, 16, 16, 1, 'Principal');
INSERT INTO public.detalleseccionasignada (id_detalle, turno, id_horario, id_seccion, id_docente, id_curso, id_periodo, id_aula, id_sede, rol_docente) VALUES (17, 'Tarde', 17, 17, 17, 17, 17, 17, 1, 'Principal');
INSERT INTO public.detalleseccionasignada (id_detalle, turno, id_horario, id_seccion, id_docente, id_curso, id_periodo, id_aula, id_sede, rol_docente) VALUES (18, 'Tarde', 18, 18, 18, 18, 18, 18, 1, 'Principal');
INSERT INTO public.detalleseccionasignada (id_detalle, turno, id_horario, id_seccion, id_docente, id_curso, id_periodo, id_aula, id_sede, rol_docente) VALUES (19, 'Tarde', 19, 19, 19, 19, 19, 19, 1, 'Principal');
INSERT INTO public.detalleseccionasignada (id_detalle, turno, id_horario, id_seccion, id_docente, id_curso, id_periodo, id_aula, id_sede, rol_docente) VALUES (20, 'Tarde', 20, 20, 20, 20, 20, 20, 1, 'Principal');
INSERT INTO public.detalleseccionasignada (id_detalle, turno, id_horario, id_seccion, id_docente, id_curso, id_periodo, id_aula, id_sede, rol_docente) VALUES (24, 'Tarde', 3, 4, 2, 3, 3, 2, 1, 'Auxiliar');
INSERT INTO public.detalleseccionasignada (id_detalle, turno, id_horario, id_seccion, id_docente, id_curso, id_periodo, id_aula, id_sede, rol_docente) VALUES (27, 'Tarde', 6, 7, 1, 2, 6, 5, 1, 'Titular');
INSERT INTO public.detalleseccionasignada (id_detalle, turno, id_horario, id_seccion, id_docente, id_curso, id_periodo, id_aula, id_sede, rol_docente) VALUES (23, 'Mañana', 7, 3, 2, 2, 2, 1, 1, 'Titular');
INSERT INTO public.detalleseccionasignada (id_detalle, turno, id_horario, id_seccion, id_docente, id_curso, id_periodo, id_aula, id_sede, rol_docente) VALUES (30, 'Mañana', 2, 3, 3, 3, 5, 3, 1, 'Principal');
INSERT INTO public.detalleseccionasignada (id_detalle, turno, id_horario, id_seccion, id_docente, id_curso, id_periodo, id_aula, id_sede, rol_docente) VALUES (31, 'Tarde', 3, 3, 2, 2, 5, 2, 1, 'Principal');
INSERT INTO public.detalleseccionasignada (id_detalle, turno, id_horario, id_seccion, id_docente, id_curso, id_periodo, id_aula, id_sede, rol_docente) VALUES (33, 'Tarde', 4, 6, 7, 7, 5, 7, 1, 'Principal');
INSERT INTO public.detalleseccionasignada (id_detalle, turno, id_horario, id_seccion, id_docente, id_curso, id_periodo, id_aula, id_sede, rol_docente) VALUES (28, 'Mañana', 1, 2, 1, 1, 5, 1, 1, 'Principal');
INSERT INTO public.detalleseccionasignada (id_detalle, turno, id_horario, id_seccion, id_docente, id_curso, id_periodo, id_aula, id_sede, rol_docente) VALUES (32, 'Tarde', 5, 5, 4, 4, 5, 4, 1, 'Principal');
INSERT INTO public.detalleseccionasignada (id_detalle, turno, id_horario, id_seccion, id_docente, id_curso, id_periodo, id_aula, id_sede, rol_docente) VALUES (26, 'Mañana', 5, 6, 4, 5, 5, 4, 1, 'Auxiliar');
INSERT INTO public.detalleseccionasignada (id_detalle, turno, id_horario, id_seccion, id_docente, id_curso, id_periodo, id_aula, id_sede, rol_docente) VALUES (25, 'Noche', 4, 5, 4, 6, 5, 3, 1, 'Titular');
INSERT INTO public.detalleseccionasignada (id_detalle, turno, id_horario, id_seccion, id_docente, id_curso, id_periodo, id_aula, id_sede, rol_docente) VALUES (8, 'Tarde', 8, 8, 8, 8, 5, 8, 1, 'Principal');


--INSERT PARA asistencias
INSERT INTO public.asistencias (id_asistencia, dia, estado_asistencia, id_alumno, id_curso) VALUES (1, '2024-09-01', 'Presente', 1, 1);
INSERT INTO public.asistencias (id_asistencia, dia, estado_asistencia, id_alumno, id_curso) VALUES (2, '2024-09-02', 'Ausente', 1, 1);
INSERT INTO public.asistencias (id_asistencia, dia, estado_asistencia, id_alumno, id_curso) VALUES (3, '2024-09-03', 'Presente', 1, 1);
INSERT INTO public.asistencias (id_asistencia, dia, estado_asistencia, id_alumno, id_curso) VALUES (4, '2024-09-01', 'Presente', 1, 2);
INSERT INTO public.asistencias (id_asistencia, dia, estado_asistencia, id_alumno, id_curso) VALUES (5, '2024-09-02', 'Presente', 1, 2);
INSERT INTO public.asistencias (id_asistencia, dia, estado_asistencia, id_alumno, id_curso) VALUES (6, '2024-09-03', 'Ausente', 1, 2);
INSERT INTO public.asistencias (id_asistencia, dia, estado_asistencia, id_alumno, id_curso) VALUES (7, '2024-09-04', 'Tardanza', 1, 1);
INSERT INTO public.asistencias (id_asistencia, dia, estado_asistencia, id_alumno, id_curso) VALUES (8, '2024-09-05', 'Presente', 1, 1);
INSERT INTO public.asistencias (id_asistencia, dia, estado_asistencia, id_alumno, id_curso) VALUES (9, '2024-09-06', 'Presente', 1, 1);
INSERT INTO public.asistencias (id_asistencia, dia, estado_asistencia, id_alumno, id_curso) VALUES (10, '2024-09-01', 'Presente', 2, 3);
INSERT INTO public.asistencias (id_asistencia, dia, estado_asistencia, id_alumno, id_curso) VALUES (11, '2024-09-02', 'Ausente', 2, 3);
INSERT INTO public.asistencias (id_asistencia, dia, estado_asistencia, id_alumno, id_curso) VALUES (12, '2024-09-03', 'Presente', 2, 3);
INSERT INTO public.asistencias (id_asistencia, dia, estado_asistencia, id_alumno, id_curso) VALUES (13, '2024-09-04', 'Tardanza', 2, 4);
INSERT INTO public.asistencias (id_asistencia, dia, estado_asistencia, id_alumno, id_curso) VALUES (14, '2024-09-05', 'Presente', 2, 4);
INSERT INTO public.asistencias (id_asistencia, dia, estado_asistencia, id_alumno, id_curso) VALUES (15, '2024-09-06', 'Presente', 2, 4);
INSERT INTO public.asistencias (id_asistencia, dia, estado_asistencia, id_alumno, id_curso) VALUES (16, '2024-09-01', 'Presente', 2, 5);
INSERT INTO public.asistencias (id_asistencia, dia, estado_asistencia, id_alumno, id_curso) VALUES (17, '2024-09-02', 'Ausente', 2, 5);
INSERT INTO public.asistencias (id_asistencia, dia, estado_asistencia, id_alumno, id_curso) VALUES (18, '2024-09-03', 'Presente', 2, 5);
INSERT INTO public.asistencias (id_asistencia, dia, estado_asistencia, id_alumno, id_curso) VALUES (19, '2024-09-01', 'Presente', 3, 6);
INSERT INTO public.asistencias (id_asistencia, dia, estado_asistencia, id_alumno, id_curso) VALUES (20, '2024-09-02', 'Presente', 3, 6);
INSERT INTO public.asistencias (id_asistencia, dia, estado_asistencia, id_alumno, id_curso) VALUES (21, '2024-09-03', 'Ausente', 3, 6);
INSERT INTO public.asistencias (id_asistencia, dia, estado_asistencia, id_alumno, id_curso) VALUES (22, '2024-09-04', 'Tardanza', 3, 7);
INSERT INTO public.asistencias (id_asistencia, dia, estado_asistencia, id_alumno, id_curso) VALUES (23, '2024-09-05', 'Presente', 3, 7);
INSERT INTO public.asistencias (id_asistencia, dia, estado_asistencia, id_alumno, id_curso) VALUES (24, '2024-09-06', 'Presente', 3, 7);
INSERT INTO public.asistencias (id_asistencia, dia, estado_asistencia, id_alumno, id_curso) VALUES (25, '2024-09-01', 'Ausente', 3, 8);
INSERT INTO public.asistencias (id_asistencia, dia, estado_asistencia, id_alumno, id_curso) VALUES (26, '2024-09-02', 'Presente', 3, 8);
INSERT INTO public.asistencias (id_asistencia, dia, estado_asistencia, id_alumno, id_curso) VALUES (27, '2024-09-03', 'Presente', 3, 8);
INSERT INTO public.asistencias (id_asistencia, dia, estado_asistencia, id_alumno, id_curso) VALUES (28, '2024-01-01', 'Presente', 1, 1);
INSERT INTO public.asistencias (id_asistencia, dia, estado_asistencia, id_alumno, id_curso) VALUES (29, '2025-01-01', 'Presente', 1, 1);
INSERT INTO public.asistencias (id_asistencia, dia, estado_asistencia, id_alumno, id_curso) VALUES (30, '2025-01-02', 'Presente', 1, 1);
INSERT INTO public.asistencias (id_asistencia, dia, estado_asistencia, id_alumno, id_curso) VALUES (31, '2025-01-01', 'Presente', 1, 3);
INSERT INTO public.asistencias (id_asistencia, dia, estado_asistencia, id_alumno, id_curso) VALUES (32, '2025-01-03', 'Presente', 1, 4);
INSERT INTO public.asistencias (id_asistencia, dia, estado_asistencia, id_alumno, id_curso) VALUES (36, '2025-01-09', 'Presente', 1, 5);
INSERT INTO public.asistencias (id_asistencia, dia, estado_asistencia, id_alumno, id_curso) VALUES (39, '2025-01-14', 'Presente', 1, 2);
INSERT INTO public.asistencias (id_asistencia, dia, estado_asistencia, id_alumno, id_curso) VALUES (33, '2025-01-06', 'Presente', 1, 10);
INSERT INTO public.asistencias (id_asistencia, dia, estado_asistencia, id_alumno, id_curso) VALUES (34, '2025-01-07', 'Presente', 1, 10);
INSERT INTO public.asistencias (id_asistencia, dia, estado_asistencia, id_alumno, id_curso) VALUES (35, '2025-01-08', 'Presente', 1, 10);
INSERT INTO public.asistencias (id_asistencia, dia, estado_asistencia, id_alumno, id_curso) VALUES (37, '2025-01-10', 'Presente', 1, 10);
INSERT INTO public.asistencias (id_asistencia, dia, estado_asistencia, id_alumno, id_curso) VALUES (38, '2025-01-13', 'Presente', 1, 10);
INSERT INTO public.asistencias (id_asistencia, dia, estado_asistencia, id_alumno, id_curso) VALUES (40, '2025-01-15', 'Presente', 1, 10);
INSERT INTO public.asistencias (id_asistencia, dia, estado_asistencia, id_alumno, id_curso) VALUES (41, '2025-01-16', 'Presente', 1, 10);
INSERT INTO public.asistencias (id_asistencia, dia, estado_asistencia, id_alumno, id_curso) VALUES (42, '2025-01-17', 'Ausente', 1, 7);
INSERT INTO public.asistencias (id_asistencia, dia, estado_asistencia, id_alumno, id_curso) VALUES (43, '2025-01-20', 'Ausente', 1, 10);
INSERT INTO public.asistencias (id_asistencia, dia, estado_asistencia, id_alumno, id_curso) VALUES (44, '2025-01-21', 'Ausente', 1, 10);
INSERT INTO public.asistencias (id_asistencia, dia, estado_asistencia, id_alumno, id_curso) VALUES (45, '2025-01-01', 'Presente', 2, 4);
INSERT INTO public.asistencias (id_asistencia, dia, estado_asistencia, id_alumno, id_curso) VALUES (46, '2025-01-02', 'Presente', 2, 4);
INSERT INTO public.asistencias (id_asistencia, dia, estado_asistencia, id_alumno, id_curso) VALUES (47, '2025-01-03', 'Presente', 2, 4);
INSERT INTO public.asistencias (id_asistencia, dia, estado_asistencia, id_alumno, id_curso) VALUES (48, '2025-01-06', 'Presente', 2, 5);
INSERT INTO public.asistencias (id_asistencia, dia, estado_asistencia, id_alumno, id_curso) VALUES (49, '2025-01-07', 'Ausente', 2, 5);
INSERT INTO public.asistencias (id_asistencia, dia, estado_asistencia, id_alumno, id_curso) VALUES (50, '2025-01-08', 'Presente', 2, 5);
INSERT INTO public.asistencias (id_asistencia, dia, estado_asistencia, id_alumno, id_curso) VALUES (51, '2025-01-09', 'Presente', 2, 6);
INSERT INTO public.asistencias (id_asistencia, dia, estado_asistencia, id_alumno, id_curso) VALUES (52, '2025-01-10', 'Presente', 2, 6);
INSERT INTO public.asistencias (id_asistencia, dia, estado_asistencia, id_alumno, id_curso) VALUES (53, '2025-01-13', 'Ausente', 2, 6);
INSERT INTO public.asistencias (id_asistencia, dia, estado_asistencia, id_alumno, id_curso) VALUES (54, '2025-01-14', 'Presente', 2, 8);
INSERT INTO public.asistencias (id_asistencia, dia, estado_asistencia, id_alumno, id_curso) VALUES (55, '2025-01-15', 'Presente', 2, 8);
INSERT INTO public.asistencias (id_asistencia, dia, estado_asistencia, id_alumno, id_curso) VALUES (56, '2025-01-16', 'Presente', 2, 8);
INSERT INTO public.asistencias (id_asistencia, dia, estado_asistencia, id_alumno, id_curso) VALUES (57, '2025-01-17', 'Presente', 2, 1);
INSERT INTO public.asistencias (id_asistencia, dia, estado_asistencia, id_alumno, id_curso) VALUES (58, '2025-01-20', 'Presente', 2, 1);
INSERT INTO public.asistencias (id_asistencia, dia, estado_asistencia, id_alumno, id_curso) VALUES (59, '2025-01-21', 'Presente', 2, 2);
INSERT INTO public.asistencias (id_asistencia, dia, estado_asistencia, id_alumno, id_curso) VALUES (60, '2025-01-22', 'Presente', 2, 2);


--INSERT PARA notas
INSERT INTO public.notas (id_nota, nota, peso, tipo_nota, id_alumno, id_curso, id_periodo) VALUES (2, 18, 0.4, 'Tarea', 1, 1, 1);
INSERT INTO public.notas (id_nota, nota, peso, tipo_nota, id_alumno, id_curso, id_periodo) VALUES (3, 14, 0.3, 'Examen', 1, 2, 1);
INSERT INTO public.notas (id_nota, nota, peso, tipo_nota, id_alumno, id_curso, id_periodo) VALUES (4, 20, 0.5, 'Tarea', 1, 2, 1);
INSERT INTO public.notas (id_nota, nota, peso, tipo_nota, id_alumno, id_curso, id_periodo) VALUES (5, 16, 0.2, 'Proyecto', 1, 3, 1);
INSERT INTO public.notas (id_nota, nota, peso, tipo_nota, id_alumno, id_curso, id_periodo) VALUES (6, 12.5, 0.3, 'Examen', 1, 3, 1);
INSERT INTO public.notas (id_nota, nota, peso, tipo_nota, id_alumno, id_curso, id_periodo) VALUES (7, 19, 0.4, 'Tarea', 1, 4, 1);
INSERT INTO public.notas (id_nota, nota, peso, tipo_nota, id_alumno, id_curso, id_periodo) VALUES (8, 17, 0.5, 'Examen', 1, 4, 1);
INSERT INTO public.notas (id_nota, nota, peso, tipo_nota, id_alumno, id_curso, id_periodo) VALUES (9, 16.5, 0.3, 'Examen', 2, 3, 2);
INSERT INTO public.notas (id_nota, nota, peso, tipo_nota, id_alumno, id_curso, id_periodo) VALUES (10, 19, 0.4, 'Tarea', 2, 3, 2);
INSERT INTO public.notas (id_nota, nota, peso, tipo_nota, id_alumno, id_curso, id_periodo) VALUES (11, 14.5, 0.3, 'Examen', 2, 4, 2);
INSERT INTO public.notas (id_nota, nota, peso, tipo_nota, id_alumno, id_curso, id_periodo) VALUES (12, 18, 0.5, 'Tarea', 2, 4, 2);
INSERT INTO public.notas (id_nota, nota, peso, tipo_nota, id_alumno, id_curso, id_periodo) VALUES (13, 15, 0.2, 'Proyecto', 2, 5, 2);
INSERT INTO public.notas (id_nota, nota, peso, tipo_nota, id_alumno, id_curso, id_periodo) VALUES (14, 10.5, 0.3, 'Examen', 2, 5, 2);
INSERT INTO public.notas (id_nota, nota, peso, tipo_nota, id_alumno, id_curso, id_periodo) VALUES (15, 20, 0.4, 'Tarea', 2, 6, 2);
INSERT INTO public.notas (id_nota, nota, peso, tipo_nota, id_alumno, id_curso, id_periodo) VALUES (16, 17.5, 0.5, 'Examen', 2, 6, 2);
INSERT INTO public.notas (id_nota, nota, peso, tipo_nota, id_alumno, id_curso, id_periodo) VALUES (17, 19.5, 0.3, 'Examen', 3, 7, 1);
INSERT INTO public.notas (id_nota, nota, peso, tipo_nota, id_alumno, id_curso, id_periodo) VALUES (18, 18.5, 0.4, 'Tarea', 3, 7, 1);
INSERT INTO public.notas (id_nota, nota, peso, tipo_nota, id_alumno, id_curso, id_periodo) VALUES (19, 14, 0.3, 'Examen', 3, 8, 1);
INSERT INTO public.notas (id_nota, nota, peso, tipo_nota, id_alumno, id_curso, id_periodo) VALUES (20, 15.5, 0.5, 'Tarea', 3, 8, 1);
INSERT INTO public.notas (id_nota, nota, peso, tipo_nota, id_alumno, id_curso, id_periodo) VALUES (21, 16, 0.2, 'Proyecto', 3, 1, 2);
INSERT INTO public.notas (id_nota, nota, peso, tipo_nota, id_alumno, id_curso, id_periodo) VALUES (22, 17, 0.3, 'Examen', 3, 1, 2);
INSERT INTO public.notas (id_nota, nota, peso, tipo_nota, id_alumno, id_curso, id_periodo) VALUES (23, 18, 0.4, 'Tarea', 3, 2, 2);
INSERT INTO public.notas (id_nota, nota, peso, tipo_nota, id_alumno, id_curso, id_periodo) VALUES (24, 19, 0.5, 'Examen', 3, 2, 2);
INSERT INTO public.notas (id_nota, nota, peso, tipo_nota, id_alumno, id_curso, id_periodo) VALUES (25, 14, 0.3, 'Examen', 1, 5, 1);
INSERT INTO public.notas (id_nota, nota, peso, tipo_nota, id_alumno, id_curso, id_periodo) VALUES (26, 16.5, 0.4, 'Tarea', 1, 5, 1);
INSERT INTO public.notas (id_nota, nota, peso, tipo_nota, id_alumno, id_curso, id_periodo) VALUES (27, 17, 0.3, 'Examen', 1, 6, 1);
INSERT INTO public.notas (id_nota, nota, peso, tipo_nota, id_alumno, id_curso, id_periodo) VALUES (28, 18.5, 0.5, 'Tarea', 1, 6, 1);
INSERT INTO public.notas (id_nota, nota, peso, tipo_nota, id_alumno, id_curso, id_periodo) VALUES (29, 19, 0.2, 'Proyecto', 1, 7, 2);
INSERT INTO public.notas (id_nota, nota, peso, tipo_nota, id_alumno, id_curso, id_periodo) VALUES (30, 12, 0.3, 'Examen', 1, 7, 2);
INSERT INTO public.notas (id_nota, nota, peso, tipo_nota, id_alumno, id_curso, id_periodo) VALUES (31, 15, 0.4, 'Tarea', 1, 8, 2);
INSERT INTO public.notas (id_nota, nota, peso, tipo_nota, id_alumno, id_curso, id_periodo) VALUES (32, 16, 0.5, 'Examen', 1, 8, 2);
INSERT INTO public.notas (id_nota, nota, peso, tipo_nota, id_alumno, id_curso, id_periodo) VALUES (33, 15.5, 0.3, 'Examen', 2, 5, 2);
INSERT INTO public.notas (id_nota, nota, peso, tipo_nota, id_alumno, id_curso, id_periodo) VALUES (34, 17.5, 0.4, 'Tarea', 2, 5, 2);
INSERT INTO public.notas (id_nota, nota, peso, tipo_nota, id_alumno, id_curso, id_periodo) VALUES (35, 16, 0.3, 'Examen', 2, 6, 2);
INSERT INTO public.notas (id_nota, nota, peso, tipo_nota, id_alumno, id_curso, id_periodo) VALUES (36, 18, 0.5, 'Tarea', 2, 6, 2);
INSERT INTO public.notas (id_nota, nota, peso, tipo_nota, id_alumno, id_curso, id_periodo) VALUES (37, 19, 0.2, 'Proyecto', 2, 7, 1);
INSERT INTO public.notas (id_nota, nota, peso, tipo_nota, id_alumno, id_curso, id_periodo) VALUES (38, 11, 0.3, 'Examen', 2, 7, 1);
INSERT INTO public.notas (id_nota, nota, peso, tipo_nota, id_alumno, id_curso, id_periodo) VALUES (39, 20, 0.4, 'Tarea', 2, 8, 1);
INSERT INTO public.notas (id_nota, nota, peso, tipo_nota, id_alumno, id_curso, id_periodo) VALUES (40, 13.5, 0.5, 'Examen', 2, 8, 1);
INSERT INTO public.notas (id_nota, nota, peso, tipo_nota, id_alumno, id_curso, id_periodo) VALUES (41, 15, 0.3, 'Examen', 3, 5, 1);
INSERT INTO public.notas (id_nota, nota, peso, tipo_nota, id_alumno, id_curso, id_periodo) VALUES (42, 18, 0.4, 'Tarea', 3, 5, 1);
INSERT INTO public.notas (id_nota, nota, peso, tipo_nota, id_alumno, id_curso, id_periodo) VALUES (43, 17, 0.3, 'Examen', 3, 6, 1);
INSERT INTO public.notas (id_nota, nota, peso, tipo_nota, id_alumno, id_curso, id_periodo) VALUES (44, 19.5, 0.5, 'Tarea', 3, 6, 1);
INSERT INTO public.notas (id_nota, nota, peso, tipo_nota, id_alumno, id_curso, id_periodo) VALUES (45, 20, 0.2, 'Proyecto', 3, 7, 2);
INSERT INTO public.notas (id_nota, nota, peso, tipo_nota, id_alumno, id_curso, id_periodo) VALUES (46, 14, 0.3, 'Examen', 3, 7, 2);
INSERT INTO public.notas (id_nota, nota, peso, tipo_nota, id_alumno, id_curso, id_periodo) VALUES (47, 16.5, 0.4, 'Tarea', 3, 8, 2);
INSERT INTO public.notas (id_nota, nota, peso, tipo_nota, id_alumno, id_curso, id_periodo) VALUES (48, 15, 0.5, 'Examen', 3, 8, 2);
INSERT INTO public.notas (id_nota, nota, peso, tipo_nota, id_alumno, id_curso, id_periodo) VALUES (49, 16, 0.3, 'Examen', 1, 1, 3);
INSERT INTO public.notas (id_nota, nota, peso, tipo_nota, id_alumno, id_curso, id_periodo) VALUES (50, 18, 0.4, 'Tarea', 1, 1, 3);
INSERT INTO public.notas (id_nota, nota, peso, tipo_nota, id_alumno, id_curso, id_periodo) VALUES (51, 14, 0.3, 'Examen', 1, 2, 3);
INSERT INTO public.notas (id_nota, nota, peso, tipo_nota, id_alumno, id_curso, id_periodo) VALUES (52, 19, 0.5, 'Tarea', 1, 2, 3);
INSERT INTO public.notas (id_nota, nota, peso, tipo_nota, id_alumno, id_curso, id_periodo) VALUES (53, 20, 0.2, 'Proyecto', 1, 3, 4);
INSERT INTO public.notas (id_nota, nota, peso, tipo_nota, id_alumno, id_curso, id_periodo) VALUES (54, 15, 0.3, 'Examen', 1, 3, 4);
INSERT INTO public.notas (id_nota, nota, peso, tipo_nota, id_alumno, id_curso, id_periodo) VALUES (55, 17, 0.4, 'Tarea', 1, 4, 4);
INSERT INTO public.notas (id_nota, nota, peso, tipo_nota, id_alumno, id_curso, id_periodo) VALUES (56, 13.5, 0.5, 'Examen', 1, 4, 4);
INSERT INTO public.notas (id_nota, nota, peso, tipo_nota, id_alumno, id_curso, id_periodo) VALUES (63, 20, 0.2, 'Proyecto', 2, 3, 6);
INSERT INTO public.notas (id_nota, nota, peso, tipo_nota, id_alumno, id_curso, id_periodo) VALUES (64, 13, 0.3, 'Examen', 2, 3, 6);
INSERT INTO public.notas (id_nota, nota, peso, tipo_nota, id_alumno, id_curso, id_periodo) VALUES (65, 15.5, 0.4, 'Tarea', 2, 4, 6);
INSERT INTO public.notas (id_nota, nota, peso, tipo_nota, id_alumno, id_curso, id_periodo) VALUES (66, 17.5, 0.5, 'Examen', 2, 4, 6);
INSERT INTO public.notas (id_nota, nota, peso, tipo_nota, id_alumno, id_curso, id_periodo) VALUES (67, 14.5, 0.3, 'Examen', 2, 5, 7);
INSERT INTO public.notas (id_nota, nota, peso, tipo_nota, id_alumno, id_curso, id_periodo) VALUES (68, 16.5, 0.4, 'Tarea', 2, 5, 7);
INSERT INTO public.notas (id_nota, nota, peso, tipo_nota, id_alumno, id_curso, id_periodo) VALUES (69, 18, 0.3, 'Examen', 3, 1, 6);
INSERT INTO public.notas (id_nota, nota, peso, tipo_nota, id_alumno, id_curso, id_periodo) VALUES (70, 16, 0.4, 'Tarea', 3, 1, 6);
INSERT INTO public.notas (id_nota, nota, peso, tipo_nota, id_alumno, id_curso, id_periodo) VALUES (71, 15, 0.3, 'Examen', 3, 2, 6);
INSERT INTO public.notas (id_nota, nota, peso, tipo_nota, id_alumno, id_curso, id_periodo) VALUES (72, 17, 0.5, 'Tarea', 3, 2, 6);
INSERT INTO public.notas (id_nota, nota, peso, tipo_nota, id_alumno, id_curso, id_periodo) VALUES (73, 19, 0.2, 'Proyecto', 3, 3, 7);
INSERT INTO public.notas (id_nota, nota, peso, tipo_nota, id_alumno, id_curso, id_periodo) VALUES (74, 14, 0.3, 'Examen', 3, 3, 7);
INSERT INTO public.notas (id_nota, nota, peso, tipo_nota, id_alumno, id_curso, id_periodo) VALUES (75, 16.5, 0.4, 'Tarea', 3, 4, 7);
INSERT INTO public.notas (id_nota, nota, peso, tipo_nota, id_alumno, id_curso, id_periodo) VALUES (76, 20, 0.5, 'Examen', 3, 4, 7);
INSERT INTO public.notas (id_nota, nota, peso, tipo_nota, id_alumno, id_curso, id_periodo) VALUES (77, 15.5, 0.3, 'Examen', 3, 5, 8);
INSERT INTO public.notas (id_nota, nota, peso, tipo_nota, id_alumno, id_curso, id_periodo) VALUES (78, 18.5, 0.4, 'Tarea', 3, 5, 8);
INSERT INTO public.notas (id_nota, nota, peso, tipo_nota, id_alumno, id_curso, id_periodo) VALUES (79, 17, 0.3, 'Examen', 1, 6, 1);
INSERT INTO public.notas (id_nota, nota, peso, tipo_nota, id_alumno, id_curso, id_periodo) VALUES (80, 18.5, 0.4, 'Tarea', 1, 7, 2);
INSERT INTO public.notas (id_nota, nota, peso, tipo_nota, id_alumno, id_curso, id_periodo) VALUES (81, 15, 0.3, 'Proyecto', 1, 8, 3);
INSERT INTO public.notas (id_nota, nota, peso, tipo_nota, id_alumno, id_curso, id_periodo) VALUES (82, 19, 0.5, 'Examen', 1, 9, 4);
INSERT INTO public.notas (id_nota, nota, peso, tipo_nota, id_alumno, id_curso, id_periodo) VALUES (83, 16.5, 0.2, 'Tarea', 1, 10, 5);
INSERT INTO public.notas (id_nota, nota, peso, tipo_nota, id_alumno, id_curso, id_periodo) VALUES (84, 14, 0.3, 'Examen', 2, 6, 1);
INSERT INTO public.notas (id_nota, nota, peso, tipo_nota, id_alumno, id_curso, id_periodo) VALUES (85, 19, 0.4, 'Tarea', 2, 7, 2);
INSERT INTO public.notas (id_nota, nota, peso, tipo_nota, id_alumno, id_curso, id_periodo) VALUES (86, 18, 0.3, 'Proyecto', 2, 8, 3);
INSERT INTO public.notas (id_nota, nota, peso, tipo_nota, id_alumno, id_curso, id_periodo) VALUES (87, 17.5, 0.5, 'Examen', 2, 9, 4);
INSERT INTO public.notas (id_nota, nota, peso, tipo_nota, id_alumno, id_curso, id_periodo) VALUES (88, 20, 0.2, 'Tarea', 2, 10, 5);
INSERT INTO public.notas (id_nota, nota, peso, tipo_nota, id_alumno, id_curso, id_periodo) VALUES (89, 16, 0.3, 'Examen', 3, 6, 1);
INSERT INTO public.notas (id_nota, nota, peso, tipo_nota, id_alumno, id_curso, id_periodo) VALUES (90, 15.5, 0.4, 'Tarea', 3, 7, 2);
INSERT INTO public.notas (id_nota, nota, peso, tipo_nota, id_alumno, id_curso, id_periodo) VALUES (91, 18, 0.3, 'Proyecto', 3, 8, 3);
INSERT INTO public.notas (id_nota, nota, peso, tipo_nota, id_alumno, id_curso, id_periodo) VALUES (92, 19.5, 0.5, 'Examen', 3, 9, 4);
INSERT INTO public.notas (id_nota, nota, peso, tipo_nota, id_alumno, id_curso, id_periodo) VALUES (93, 17, 0.2, 'Tarea', 3, 10, 5);
INSERT INTO public.notas (id_nota, nota, peso, tipo_nota, id_alumno, id_curso, id_periodo) VALUES (94, 17.5, 0.3, 'Examen', 1, 1, 3);
INSERT INTO public.notas (id_nota, nota, peso, tipo_nota, id_alumno, id_curso, id_periodo) VALUES (95, 18, 0.4, 'Tarea', 1, 2, 3);
INSERT INTO public.notas (id_nota, nota, peso, tipo_nota, id_alumno, id_curso, id_periodo) VALUES (96, 16, 0.3, 'Proyecto', 1, 3, 4);
INSERT INTO public.notas (id_nota, nota, peso, tipo_nota, id_alumno, id_curso, id_periodo) VALUES (98, 20, 0.2, 'Tarea', 1, 5, 6);
INSERT INTO public.notas (id_nota, nota, peso, tipo_nota, id_alumno, id_curso, id_periodo) VALUES (99, 15, 0.4, 'Examen', 1, 6, 7);
INSERT INTO public.notas (id_nota, nota, peso, tipo_nota, id_alumno, id_curso, id_periodo) VALUES (100, 18.5, 0.3, 'Proyecto', 1, 7, 8);
INSERT INTO public.notas (id_nota, nota, peso, tipo_nota, id_alumno, id_curso, id_periodo) VALUES (101, 14.5, 0.3, 'Examen', 2, 1, 3);
INSERT INTO public.notas (id_nota, nota, peso, tipo_nota, id_alumno, id_curso, id_periodo) VALUES (102, 19.5, 0.4, 'Tarea', 2, 2, 4);
INSERT INTO public.notas (id_nota, nota, peso, tipo_nota, id_alumno, id_curso, id_periodo) VALUES (103, 18, 0.3, 'Proyecto', 2, 3, 5);
INSERT INTO public.notas (id_nota, nota, peso, tipo_nota, id_alumno, id_curso, id_periodo) VALUES (104, 17, 0.5, 'Examen', 2, 4, 6);
INSERT INTO public.notas (id_nota, nota, peso, tipo_nota, id_alumno, id_curso, id_periodo) VALUES (105, 20, 0.2, 'Tarea', 2, 5, 7);
INSERT INTO public.notas (id_nota, nota, peso, tipo_nota, id_alumno, id_curso, id_periodo) VALUES (106, 16.5, 0.4, 'Examen', 2, 6, 8);
INSERT INTO public.notas (id_nota, nota, peso, tipo_nota, id_alumno, id_curso, id_periodo) VALUES (107, 19, 0.3, 'Proyecto', 2, 7, 8);
INSERT INTO public.notas (id_nota, nota, peso, tipo_nota, id_alumno, id_curso, id_periodo) VALUES (108, 16.5, 0.3, 'Examen', 3, 1, 3);
INSERT INTO public.notas (id_nota, nota, peso, tipo_nota, id_alumno, id_curso, id_periodo) VALUES (109, 15.5, 0.4, 'Tarea', 3, 2, 4);
INSERT INTO public.notas (id_nota, nota, peso, tipo_nota, id_alumno, id_curso, id_periodo) VALUES (110, 18.5, 0.3, 'Proyecto', 3, 3, 5);
INSERT INTO public.notas (id_nota, nota, peso, tipo_nota, id_alumno, id_curso, id_periodo) VALUES (111, 19, 0.5, 'Examen', 3, 4, 6);
INSERT INTO public.notas (id_nota, nota, peso, tipo_nota, id_alumno, id_curso, id_periodo) VALUES (112, 17.5, 0.2, 'Tarea', 3, 5, 7);
INSERT INTO public.notas (id_nota, nota, peso, tipo_nota, id_alumno, id_curso, id_periodo) VALUES (113, 16, 0.4, 'Examen', 3, 6, 8);
INSERT INTO public.notas (id_nota, nota, peso, tipo_nota, id_alumno, id_curso, id_periodo) VALUES (114, 18, 0.3, 'Proyecto', 3, 7, 8);
INSERT INTO public.notas (id_nota, nota, peso, tipo_nota, id_alumno, id_curso, id_periodo) VALUES (115, 15.5, 0.3, 'Examen Parcial', 1, 2, 2);
INSERT INTO public.notas (id_nota, nota, peso, tipo_nota, id_alumno, id_curso, id_periodo) VALUES (116, 17.8, 0.4, 'Examen Final', 1, 2, 2);
INSERT INTO public.notas (id_nota, nota, peso, tipo_nota, id_alumno, id_curso, id_periodo) VALUES (117, 16, 0.3, 'Tarea', 2, 2, 2);
INSERT INTO public.notas (id_nota, nota, peso, tipo_nota, id_alumno, id_curso, id_periodo) VALUES (118, 18.2, 0.4, 'Examen Final', 2, 2, 2);
INSERT INTO public.notas (id_nota, nota, peso, tipo_nota, id_alumno, id_curso, id_periodo) VALUES (119, 12.5, 0.3, 'Examen Parcial', 1, 3, 3);
INSERT INTO public.notas (id_nota, nota, peso, tipo_nota, id_alumno, id_curso, id_periodo) VALUES (120, 14.8, 0.4, 'Examen Final', 1, 3, 3);
INSERT INTO public.notas (id_nota, nota, peso, tipo_nota, id_alumno, id_curso, id_periodo) VALUES (121, 13, 0.3, 'Tarea', 2, 3, 3);
INSERT INTO public.notas (id_nota, nota, peso, tipo_nota, id_alumno, id_curso, id_periodo) VALUES (122, 15.2, 0.4, 'Examen Final', 2, 3, 3);
INSERT INTO public.notas (id_nota, nota, peso, tipo_nota, id_alumno, id_curso, id_periodo) VALUES (123, 19, 0.5, 'Examen Final', 1, 4, 4);
INSERT INTO public.notas (id_nota, nota, peso, tipo_nota, id_alumno, id_curso, id_periodo) VALUES (124, 18.5, 0.3, 'Tarea', 1, 4, 4);
INSERT INTO public.notas (id_nota, nota, peso, tipo_nota, id_alumno, id_curso, id_periodo) VALUES (125, 17.8, 0.2, 'Examen Parcial', 2, 4, 4);
INSERT INTO public.notas (id_nota, nota, peso, tipo_nota, id_alumno, id_curso, id_periodo) VALUES (126, 16.4, 0.5, 'Examen Final', 2, 4, 4);
INSERT INTO public.notas (id_nota, nota, peso, tipo_nota, id_alumno, id_curso, id_periodo) VALUES (128, 15.3, 0.3, 'Examen Parcial', 3, 5, 5);
INSERT INTO public.notas (id_nota, nota, peso, tipo_nota, id_alumno, id_curso, id_periodo) VALUES (130, 16, 0.4, 'Examen Final', 2, 5, 5);
INSERT INTO public.notas (id_nota, nota, peso, tipo_nota, id_alumno, id_curso, id_periodo) VALUES (131, 14.5, 0.3, 'Examen Parcial', 1, 2, 3);
INSERT INTO public.notas (id_nota, nota, peso, tipo_nota, id_alumno, id_curso, id_periodo) VALUES (97, 19.5, 0.4, 'Examen', 1, 4, 5);
INSERT INTO public.notas (id_nota, nota, peso, tipo_nota, id_alumno, id_curso, id_periodo) VALUES (1, 15.4, 0.6, 'Examen', 1, 1, 1);
INSERT INTO public.notas (id_nota, nota, peso, tipo_nota, id_alumno, id_curso, id_periodo) VALUES (57, 16.5, 0.6, 'Examen', 1, 5, 5);
INSERT INTO public.notas (id_nota, nota, peso, tipo_nota, id_alumno, id_curso, id_periodo) VALUES (58, 14, 0.2, 'Tarea 1', 1, 5, 5);
INSERT INTO public.notas (id_nota, nota, peso, tipo_nota, id_alumno, id_curso, id_periodo) VALUES (129, 14.8, 0.2, 'Tarea 2', 1, 5, 5);
INSERT INTO public.notas (id_nota, nota, peso, tipo_nota, id_alumno, id_curso, id_periodo) VALUES (127, 13.7, 0.5, 'Examen Final', 3, 5, 5);
INSERT INTO public.notas (id_nota, nota, peso, tipo_nota, id_alumno, id_curso, id_periodo) VALUES (132, 16.2, 0.4, 'Examen Final', 1, 2, 3);
INSERT INTO public.notas (id_nota, nota, peso, tipo_nota, id_alumno, id_curso, id_periodo) VALUES (133, 13.8, 0.3, 'Tarea', 2, 2, 3);
INSERT INTO public.notas (id_nota, nota, peso, tipo_nota, id_alumno, id_curso, id_periodo) VALUES (134, 17.1, 0.4, 'Examen Final', 2, 2, 3);
INSERT INTO public.notas (id_nota, nota, peso, tipo_nota, id_alumno, id_curso, id_periodo) VALUES (135, 12.3, 0.3, 'Examen Parcial', 1, 1, 4);
INSERT INTO public.notas (id_nota, nota, peso, tipo_nota, id_alumno, id_curso, id_periodo) VALUES (136, 15.6, 0.4, 'Examen Final', 1, 1, 4);
INSERT INTO public.notas (id_nota, nota, peso, tipo_nota, id_alumno, id_curso, id_periodo) VALUES (137, 14, 0.3, 'Tarea', 2, 1, 4);
INSERT INTO public.notas (id_nota, nota, peso, tipo_nota, id_alumno, id_curso, id_periodo) VALUES (138, 16.5, 0.4, 'Examen Final', 2, 1, 4);
INSERT INTO public.notas (id_nota, nota, peso, tipo_nota, id_alumno, id_curso, id_periodo) VALUES (139, 18.3, 0.5, 'Examen Final', 1, 4, 2);
INSERT INTO public.notas (id_nota, nota, peso, tipo_nota, id_alumno, id_curso, id_periodo) VALUES (140, 17.6, 0.3, 'Tarea', 1, 4, 2);
INSERT INTO public.notas (id_nota, nota, peso, tipo_nota, id_alumno, id_curso, id_periodo) VALUES (141, 16.2, 0.2, 'Examen Parcial', 2, 4, 2);
INSERT INTO public.notas (id_nota, nota, peso, tipo_nota, id_alumno, id_curso, id_periodo) VALUES (142, 15.7, 0.5, 'Examen Final', 2, 4, 2);
INSERT INTO public.notas (id_nota, nota, peso, tipo_nota, id_alumno, id_curso, id_periodo) VALUES (144, 16.1, 0.3, 'Examen Parcial', 3, 3, 5);
INSERT INTO public.notas (id_nota, nota, peso, tipo_nota, id_alumno, id_curso, id_periodo) VALUES (145, 14.6, 0.3, 'Tarea', 1, 3, 5);
INSERT INTO public.notas (id_nota, nota, peso, tipo_nota, id_alumno, id_curso, id_periodo) VALUES (146, 17.2, 0.4, 'Examen Final', 2, 3, 5);
INSERT INTO public.notas (id_nota, nota, peso, tipo_nota, id_alumno, id_curso, id_periodo) VALUES (147, 12.8, 0.5, 'Examen Final', 1, 5, 6);
INSERT INTO public.notas (id_nota, nota, peso, tipo_nota, id_alumno, id_curso, id_periodo) VALUES (148, 14.7, 0.3, 'Tarea', 1, 5, 6);
INSERT INTO public.notas (id_nota, nota, peso, tipo_nota, id_alumno, id_curso, id_periodo) VALUES (149, 16.9, 0.2, 'Examen Parcial', 2, 5, 6);
INSERT INTO public.notas (id_nota, nota, peso, tipo_nota, id_alumno, id_curso, id_periodo) VALUES (150, 17.3, 0.5, 'Examen Final', 3, 5, 6);
INSERT INTO public.notas (id_nota, nota, peso, tipo_nota, id_alumno, id_curso, id_periodo) VALUES (151, 13, 0.15, 'Trabajo 1', 1, 3, 5);
INSERT INTO public.notas (id_nota, nota, peso, tipo_nota, id_alumno, id_curso, id_periodo) VALUES (152, 14, 0.15, 'Trabajo 2', 1, 3, 5);
INSERT INTO public.notas (id_nota, nota, peso, tipo_nota, id_alumno, id_curso, id_periodo) VALUES (154, 10, 0.2, 'Práctica 1', 1, 4, 5);
INSERT INTO public.notas (id_nota, nota, peso, tipo_nota, id_alumno, id_curso, id_periodo) VALUES (155, 9, 0.2, 'Práctica 2', 1, 4, 5);
INSERT INTO public.notas (id_nota, nota, peso, tipo_nota, id_alumno, id_curso, id_periodo) VALUES (156, 17, 0.2, 'Práctica 3', 1, 4, 5);
INSERT INTO public.notas (id_nota, nota, peso, tipo_nota, id_alumno, id_curso, id_periodo) VALUES (157, 6, 0.3, 'Tarea 1', 1, 1, 5);
INSERT INTO public.notas (id_nota, nota, peso, tipo_nota, id_alumno, id_curso, id_periodo) VALUES (159, 12, 0.4, 'Examen', 1, 1, 5);
INSERT INTO public.notas (id_nota, nota, peso, tipo_nota, id_alumno, id_curso, id_periodo) VALUES (162, 16, 0.5, 'Examen', 1, 2, 5);
INSERT INTO public.notas (id_nota, nota, peso, tipo_nota, id_alumno, id_curso, id_periodo) VALUES (161, 11, 0.25, 'Proyecto 2', 1, 2, 5);
INSERT INTO public.notas (id_nota, nota, peso, tipo_nota, id_alumno, id_curso, id_periodo) VALUES (163, 12, 0.15, 'Evaluación 1', 1, 7, 5);
INSERT INTO public.notas (id_nota, nota, peso, tipo_nota, id_alumno, id_curso, id_periodo) VALUES (164, 15, 0.15, 'Evaluación 2', 1, 7, 5);
INSERT INTO public.notas (id_nota, nota, peso, tipo_nota, id_alumno, id_curso, id_periodo) VALUES (166, 15, 0.2, 'Tarea 1', 2, 4, 5);
INSERT INTO public.notas (id_nota, nota, peso, tipo_nota, id_alumno, id_curso, id_periodo) VALUES (167, 16, 0.2, 'Tarea 2', 2, 4, 5);
INSERT INTO public.notas (id_nota, nota, peso, tipo_nota, id_alumno, id_curso, id_periodo) VALUES (170, 12, 0.3, 'Trabajo 2', 2, 6, 5);
INSERT INTO public.notas (id_nota, nota, peso, tipo_nota, id_alumno, id_curso, id_periodo) VALUES (171, 13, 0.4, 'Examen', 2, 6, 5);
INSERT INTO public.notas (id_nota, nota, peso, tipo_nota, id_alumno, id_curso, id_periodo) VALUES (172, 14, 0.25, 'Práctica 1', 2, 8, 5);
INSERT INTO public.notas (id_nota, nota, peso, tipo_nota, id_alumno, id_curso, id_periodo) VALUES (173, 15.5, 0.25, 'Práctica 2', 2, 8, 5);
INSERT INTO public.notas (id_nota, nota, peso, tipo_nota, id_alumno, id_curso, id_periodo) VALUES (175, 20, 0.15, 'Proyecto 1', 2, 1, 5);
INSERT INTO public.notas (id_nota, nota, peso, tipo_nota, id_alumno, id_curso, id_periodo) VALUES (176, 17, 0.15, 'Proyecto 2', 2, 1, 5);
INSERT INTO public.notas (id_nota, nota, peso, tipo_nota, id_alumno, id_curso, id_periodo) VALUES (179, 19.5, 0.35, 'Evaluación 2', 2, 2, 5);
INSERT INTO public.notas (id_nota, nota, peso, tipo_nota, id_alumno, id_curso, id_periodo) VALUES (180, 18, 0.3, 'Examen', 2, 2, 5);
INSERT INTO public.notas (id_nota, nota, peso, tipo_nota, id_alumno, id_curso, id_periodo) VALUES (181, 16.44, 1, 'Promedio Final', 1, 1, 1);
INSERT INTO public.notas (id_nota, nota, peso, tipo_nota, id_alumno, id_curso, id_periodo) VALUES (158, 9, 0.3, 'Tarea 2', 1, 1, 5);
INSERT INTO public.notas (id_nota, nota, peso, tipo_nota, id_alumno, id_curso, id_periodo) VALUES (182, 9.3, 1, 'Promedio Final', 1, 1, 5);
INSERT INTO public.notas (id_nota, nota, peso, tipo_nota, id_alumno, id_curso, id_periodo) VALUES (160, 13, 0.25, 'Proyecto 1', 1, 2, 5);
INSERT INTO public.notas (id_nota, nota, peso, tipo_nota, id_alumno, id_curso, id_periodo) VALUES (183, 14, 1, 'Promedio Final', 1, 2, 5);
INSERT INTO public.notas (id_nota, nota, peso, tipo_nota, id_alumno, id_curso, id_periodo) VALUES (153, 15, 0.4, 'Examen', 1, 3, 5);
INSERT INTO public.notas (id_nota, nota, peso, tipo_nota, id_alumno, id_curso, id_periodo) VALUES (184, 14.43, 1, 'Promedio Final', 1, 3, 5);
INSERT INTO public.notas (id_nota, nota, peso, tipo_nota, id_alumno, id_curso, id_periodo) VALUES (185, 15, 1, 'Promedio Final', 1, 4, 5);
INSERT INTO public.notas (id_nota, nota, peso, tipo_nota, id_alumno, id_curso, id_periodo) VALUES (186, 15.66, 1, 'Promedio Final', 1, 5, 5);
INSERT INTO public.notas (id_nota, nota, peso, tipo_nota, id_alumno, id_curso, id_periodo) VALUES (165, 13.5, 0.7, 'Examen', 1, 7, 5);
INSERT INTO public.notas (id_nota, nota, peso, tipo_nota, id_alumno, id_curso, id_periodo) VALUES (187, 13.5, 1, 'Promedio Final', 1, 7, 5);
INSERT INTO public.notas (id_nota, nota, peso, tipo_nota, id_alumno, id_curso, id_periodo) VALUES (177, 16.5, 0.7, 'Examen', 2, 1, 5);
INSERT INTO public.notas (id_nota, nota, peso, tipo_nota, id_alumno, id_curso, id_periodo) VALUES (188, 17.1, 1, 'Promedio Final', 2, 1, 5);
INSERT INTO public.notas (id_nota, nota, peso, tipo_nota, id_alumno, id_curso, id_periodo) VALUES (178, 14.5, 0.35, 'Evaluación 1', 2, 2, 5);
INSERT INTO public.notas (id_nota, nota, peso, tipo_nota, id_alumno, id_curso, id_periodo) VALUES (189, 17.3, 1, 'Promedio Final', 2, 2, 5);
INSERT INTO public.notas (id_nota, nota, peso, tipo_nota, id_alumno, id_curso, id_periodo) VALUES (190, 15, 0.3, 'Práctica', 2, 3, 5);
INSERT INTO public.notas (id_nota, nota, peso, tipo_nota, id_alumno, id_curso, id_periodo) VALUES (191, 16.78, 1, 'Promedio Final', 2, 3, 5);
INSERT INTO public.notas (id_nota, nota, peso, tipo_nota, id_alumno, id_curso, id_periodo) VALUES (168, 18.5, 0.6, 'Examen', 2, 4, 5);
INSERT INTO public.notas (id_nota, nota, peso, tipo_nota, id_alumno, id_curso, id_periodo) VALUES (192, 17.3, 1, 'Promedio Final', 2, 4, 5);
INSERT INTO public.notas (id_nota, nota, peso, tipo_nota, id_alumno, id_curso, id_periodo) VALUES (169, 11, 0.3, 'Trabajo 1', 2, 6, 5);
INSERT INTO public.notas (id_nota, nota, peso, tipo_nota, id_alumno, id_curso, id_periodo) VALUES (193, 12.1, 1, 'Promedio Final', 2, 6, 5);
INSERT INTO public.notas (id_nota, nota, peso, tipo_nota, id_alumno, id_curso, id_periodo) VALUES (174, 11.5, 0.5, 'Examen', 2, 8, 5);
INSERT INTO public.notas (id_nota, nota, peso, tipo_nota, id_alumno, id_curso, id_periodo) VALUES (194, 13.13, 1, 'Promedio Final', 2, 8, 5);
INSERT INTO public.notas (id_nota, nota, peso, tipo_nota, id_alumno, id_curso, id_periodo) VALUES (143, 14, 0.4, 'Examen Final', 3, 3, 5);
INSERT INTO public.notas (id_nota, nota, peso, tipo_nota, id_alumno, id_curso, id_periodo) VALUES (195, 15.98, 1, 'Promedio Final', 3, 3, 5);
INSERT INTO public.notas (id_nota, nota, peso, tipo_nota, id_alumno, id_curso, id_periodo) VALUES (197, 18, 0.2, 'Trabajo 1', 3, 5, 5);
INSERT INTO public.notas (id_nota, nota, peso, tipo_nota, id_alumno, id_curso, id_periodo) VALUES (196, 15.04, 1, 'Promedio Final', 3, 5, 5);


--INSERT PARA calendario_academico
INSERT INTO public.calendario_academico (id_calendario, actividad, fecha_inicio, fecha_fin, modalidad_estudios, tipo_actividad) VALUES (1, 'Apertura bimestral de Venta de Carpetas de Grado y Título', '2024-01-02', '2024-01-02', '', 'ES');
INSERT INTO public.calendario_academico (id_calendario, actividad, fecha_inicio, fecha_fin, modalidad_estudios, tipo_actividad) VALUES (2, 'Inicio de cursos de verano 2024', '2024-01-08', '2024-01-08', '', 'PR');
INSERT INTO public.calendario_academico (id_calendario, actividad, fecha_inicio, fecha_fin, modalidad_estudios, tipo_actividad) VALUES (3, 'Reserva de matrícula regulares 2024-1', '2024-01-11', '2024-01-18', '', 'ES');
INSERT INTO public.calendario_academico (id_calendario, actividad, fecha_inicio, fecha_fin, modalidad_estudios, tipo_actividad) VALUES (4, 'Inicio del trámite de retiro de cursos de verano 2024', '2024-01-13', '2024-01-13', '', 'ES');
INSERT INTO public.calendario_academico (id_calendario, actividad, fecha_inicio, fecha_fin, modalidad_estudios, tipo_actividad) VALUES (5, 'Día de la Independencia (Feriado)', '2024-07-28', '2024-07-28', '', 'FE');
INSERT INTO public.calendario_academico (id_calendario, actividad, fecha_inicio, fecha_fin, modalidad_estudios, tipo_actividad) VALUES (6, 'Semana de exámenes finales', '2024-09-23', '2024-09-27', '', 'PR');
INSERT INTO public.calendario_academico (id_calendario, actividad, fecha_inicio, fecha_fin, modalidad_estudios, tipo_actividad) VALUES (7, 'Traslado de carrera y sede para el 2024-1', '2024-01-11', '2024-01-17', '', 'ES');
INSERT INTO public.calendario_academico (id_calendario, actividad, fecha_inicio, fecha_fin, modalidad_estudios, tipo_actividad) VALUES (8, 'Graduación de estudiantes 2024', '2024-12-15', '2024-12-15', '', 'CE');
INSERT INTO public.calendario_academico (id_calendario, actividad, fecha_inicio, fecha_fin, modalidad_estudios, tipo_actividad) VALUES (9, 'Inicio de clases regulares 2024-1', '2024-02-05', '2024-02-05', '', 'PR');
INSERT INTO public.calendario_academico (id_calendario, actividad, fecha_inicio, fecha_fin, modalidad_estudios, tipo_actividad) VALUES (10, 'Fin del trámite de retiro de cursos de verano 2024', '2024-02-10', '2024-02-10', '', 'ES');
INSERT INTO public.calendario_academico (id_calendario, actividad, fecha_inicio, fecha_fin, modalidad_estudios, tipo_actividad) VALUES (11, 'Exámenes finales de cursos de verano 2024', '2024-02-19', '2024-02-23', '', 'PR');
INSERT INTO public.calendario_academico (id_calendario, actividad, fecha_inicio, fecha_fin, modalidad_estudios, tipo_actividad) VALUES (12, 'Cierre de notas de cursos de verano 2024', '2024-02-28', '2024-02-28', '', 'ES');
INSERT INTO public.calendario_academico (id_calendario, actividad, fecha_inicio, fecha_fin, modalidad_estudios, tipo_actividad) VALUES (13, 'Semana de ajustes de matrícula 2024-1', '2024-03-01', '2024-03-07', '', 'ES');
INSERT INTO public.calendario_academico (id_calendario, actividad, fecha_inicio, fecha_fin, modalidad_estudios, tipo_actividad) VALUES (14, 'Inicio de retiro de asignaturas 2024-1', '2024-03-10', '2024-03-10', '', 'ES');
INSERT INTO public.calendario_academico (id_calendario, actividad, fecha_inicio, fecha_fin, modalidad_estudios, tipo_actividad) VALUES (15, 'Feriado: Día Internacional de la Mujer', '2024-03-08', '2024-03-08', '', 'FE');
INSERT INTO public.calendario_academico (id_calendario, actividad, fecha_inicio, fecha_fin, modalidad_estudios, tipo_actividad) VALUES (16, 'Término de inscripciones a actividades extracurriculares', '2024-03-20', '2024-03-20', '', 'CE');
INSERT INTO public.calendario_academico (id_calendario, actividad, fecha_inicio, fecha_fin, modalidad_estudios, tipo_actividad) VALUES (17, 'Feriado: Semana Santa', '2024-04-01', '2024-04-02', '', 'FE');
INSERT INTO public.calendario_academico (id_calendario, actividad, fecha_inicio, fecha_fin, modalidad_estudios, tipo_actividad) VALUES (18, 'Evaluación parcial de asignaturas 2024-1', '2024-04-10', '2024-04-14', '', 'PR');
INSERT INTO public.calendario_academico (id_calendario, actividad, fecha_inicio, fecha_fin, modalidad_estudios, tipo_actividad) VALUES (19, 'Inicio de retiro total de asignaturas 2024-1', '2024-04-20', '2024-04-20', '', 'ES');
INSERT INTO public.calendario_academico (id_calendario, actividad, fecha_inicio, fecha_fin, modalidad_estudios, tipo_actividad) VALUES (20, 'Cierre de inscripciones para Traslados 2024-2', '2024-04-30', '2024-04-30', '', 'ES');
INSERT INTO public.calendario_academico (id_calendario, actividad, fecha_inicio, fecha_fin, modalidad_estudios, tipo_actividad) VALUES (21, 'Feriado: Día del Trabajo', '2024-05-01', '2024-05-01', '', 'FE');
INSERT INTO public.calendario_academico (id_calendario, actividad, fecha_inicio, fecha_fin, modalidad_estudios, tipo_actividad) VALUES (22, 'Jornada de formación docente', '2024-05-12', '2024-05-12', '', 'CE');
INSERT INTO public.calendario_academico (id_calendario, actividad, fecha_inicio, fecha_fin, modalidad_estudios, tipo_actividad) VALUES (23, 'Revisión de notas de evaluación parcial 2024-1', '2024-05-15', '2024-05-17', '', 'ES');
INSERT INTO public.calendario_academico (id_calendario, actividad, fecha_inicio, fecha_fin, modalidad_estudios, tipo_actividad) VALUES (24, 'Actividades de integración estudiantil', '2024-05-22', '2024-05-24', '', 'CE');
INSERT INTO public.calendario_academico (id_calendario, actividad, fecha_inicio, fecha_fin, modalidad_estudios, tipo_actividad) VALUES (25, 'Semana de exámenes finales 2024-1', '2024-06-17', '2024-06-21', '', 'PR');
INSERT INTO public.calendario_academico (id_calendario, actividad, fecha_inicio, fecha_fin, modalidad_estudios, tipo_actividad) VALUES (26, 'Finalización de clases regulares 2024-1', '2024-06-24', '2024-06-24', '', 'PR');
INSERT INTO public.calendario_academico (id_calendario, actividad, fecha_inicio, fecha_fin, modalidad_estudios, tipo_actividad) VALUES (27, 'Cierre de actas de notas 2024-1', '2024-06-30', '2024-06-30', '', 'ES');
INSERT INTO public.calendario_academico (id_calendario, actividad, fecha_inicio, fecha_fin, modalidad_estudios, tipo_actividad) VALUES (28, 'Apertura de matrícula para 2024-2', '2024-06-25', '2024-06-30', '', 'ES');
INSERT INTO public.calendario_academico (id_calendario, actividad, fecha_inicio, fecha_fin, modalidad_estudios, tipo_actividad) VALUES (29, 'Feriado: Día de la Independencia', '2024-07-28', '2024-07-28', '', 'FE');
INSERT INTO public.calendario_academico (id_calendario, actividad, fecha_inicio, fecha_fin, modalidad_estudios, tipo_actividad) VALUES (30, 'Receso académico de medio año', '2024-07-01', '2024-07-14', '', 'PR');
INSERT INTO public.calendario_academico (id_calendario, actividad, fecha_inicio, fecha_fin, modalidad_estudios, tipo_actividad) VALUES (31, 'Reinicio de clases regulares 2024-2', '2024-07-15', '2024-07-15', '', 'PR');
INSERT INTO public.calendario_academico (id_calendario, actividad, fecha_inicio, fecha_fin, modalidad_estudios, tipo_actividad) VALUES (32, 'Inicio de solicitud de retiro parcial 2024-2', '2024-07-20', '2024-07-20', '', 'ES');
INSERT INTO public.calendario_academico (id_calendario, actividad, fecha_inicio, fecha_fin, modalidad_estudios, tipo_actividad) VALUES (33, 'Evaluación parcial de asignaturas 2024-2', '2024-08-05', '2024-08-09', '', 'PR');
INSERT INTO public.calendario_academico (id_calendario, actividad, fecha_inicio, fecha_fin, modalidad_estudios, tipo_actividad) VALUES (34, 'Feriado: Día de Santa Rosa de Lima', '2024-08-30', '2024-08-30', '', 'FE');
INSERT INTO public.calendario_academico (id_calendario, actividad, fecha_inicio, fecha_fin, modalidad_estudios, tipo_actividad) VALUES (35, 'Actividades de medio semestre 2024-2', '2024-08-20', '2024-08-24', '', 'CE');
INSERT INTO public.calendario_academico (id_calendario, actividad, fecha_inicio, fecha_fin, modalidad_estudios, tipo_actividad) VALUES (36, 'Semana de exámenes finales 2024-2', '2024-09-23', '2024-09-27', '', 'PR');
INSERT INTO public.calendario_academico (id_calendario, actividad, fecha_inicio, fecha_fin, modalidad_estudios, tipo_actividad) VALUES (37, 'Finalización de clases regulares 2024-2', '2024-09-30', '2024-09-30', '', 'PR');
INSERT INTO public.calendario_academico (id_calendario, actividad, fecha_inicio, fecha_fin, modalidad_estudios, tipo_actividad) VALUES (38, 'Feriado: Día de la Raza', '2024-10-12', '2024-10-12', '', 'FE');
INSERT INTO public.calendario_academico (id_calendario, actividad, fecha_inicio, fecha_fin, modalidad_estudios, tipo_actividad) VALUES (39, 'Revisión de notas finales 2024-2', '2024-10-05', '2024-10-07', '', 'ES');
INSERT INTO public.calendario_academico (id_calendario, actividad, fecha_inicio, fecha_fin, modalidad_estudios, tipo_actividad) VALUES (40, 'Cierre de actas de notas 2024-2', '2024-10-10', '2024-10-10', '', 'ES');
INSERT INTO public.calendario_academico (id_calendario, actividad, fecha_inicio, fecha_fin, modalidad_estudios, tipo_actividad) VALUES (41, 'Apertura de inscripciones para cursos extracurriculares', '2024-10-15', '2024-10-20', '', 'CE');
INSERT INTO public.calendario_academico (id_calendario, actividad, fecha_inicio, fecha_fin, modalidad_estudios, tipo_actividad) VALUES (42, 'Actividades culturales estudiantiles', '2024-11-15', '2024-11-17', '', 'CE');
INSERT INTO public.calendario_academico (id_calendario, actividad, fecha_inicio, fecha_fin, modalidad_estudios, tipo_actividad) VALUES (43, 'Feriado: Día de Todos los Santos', '2024-11-01', '2024-11-01', '', 'FE');
INSERT INTO public.calendario_academico (id_calendario, actividad, fecha_inicio, fecha_fin, modalidad_estudios, tipo_actividad) VALUES (44, 'Semana de exámenes finales 2024-3', '2024-12-10', '2024-12-14', '', 'PR');
INSERT INTO public.calendario_academico (id_calendario, actividad, fecha_inicio, fecha_fin, modalidad_estudios, tipo_actividad) VALUES (45, 'Feriado: Navidad', '2024-12-25', '2024-12-25', '', 'FE');
INSERT INTO public.calendario_academico (id_calendario, actividad, fecha_inicio, fecha_fin, modalidad_estudios, tipo_actividad) VALUES (46, 'Graduación de estudiantes 2024', '2024-12-15', '2024-12-15', '', 'CE');
INSERT INTO public.calendario_academico (id_calendario, actividad, fecha_inicio, fecha_fin, modalidad_estudios, tipo_actividad) VALUES (47, 'Cierre de ciclo académico 2024', '2024-12-31', '2024-12-31', '', 'ES');


--INSERT PARA users
INSERT INTO public.users (id, email, password, name, phone, role) VALUES (1, 'user1@example.com', 'password123', 'User One', '123456789', 'Admin');
INSERT INTO public.users (id, email, password, name, phone, role) VALUES (2, 'user2@example.com', 'securepassword', 'User Two', '987654321', 'User');
INSERT INTO public.users (id, email, password, name, phone, role) VALUES (3, 'user3@example.com', 'mypassword', 'User Three', '555555555', 'Moderator');


--INSERT PARA pagos
INSERT INTO public.pagos (id_pago, id_alumno, documento_pago, f_vencimiento, ciclo, saldo, mora, total_a_pagar, detalle, imagen, anio) VALUES (1, 1, '123456789', '2025-02-28', '2025-1', 500.00, 50.00, 550.00, 'Pago correspondiente al ciclo 2025-1 con mora', NULL, 2025);
INSERT INTO public.pagos (id_pago, id_alumno, documento_pago, f_vencimiento, ciclo, saldo, mora, total_a_pagar, detalle, imagen, anio) VALUES (3, 1, '112233445', '2025-04-10', '2025-2', 350.00, 30.00, 380.00, 'Pago correspondiente al ciclo 2025-2 con mora', NULL, 2025);
INSERT INTO public.pagos (id_pago, id_alumno, documento_pago, f_vencimiento, ciclo, saldo, mora, total_a_pagar, detalle, imagen, anio) VALUES (2, 2, '987654321', '2024-03-15', '2025-2', 400.00, 20.00, 420.00, 'Pago correspondiente al ciclo 2025-2 con mora', NULL, 2024);


--INSERT DATA PARA EVALUACION

--Insert de competencia
INSERT INTO competencia (
    "NOMBRE_COMPETENCIA", "PESO_COMPETENCIA", "DESCRIPCION", "FECHA_DISPONIBILIDAD", "FECHA_INICIO", "FECHA_FIN", "HORA_INICIO", "ORDEN_COMPETENCIA", "ESTADO_COMPETENCIA", "DEPENDENCIA_COMPETENCIA", "ID_ETAPA", "ID_PROCESO", "POSTULA_ACTIVO", "POSTULA_FECHA_CREACION", "POSTULA_USUARIO_CREACION", "POSTULA_HOST_CREACION", "POSTULA_FECHA_ACTUALIZA", "POSTULA_USUARIO_ACTUALIZA", "POSTULA_HOST_ACTUALIZA" 
)
VALUES
    ('COMPRENSIÓN LECTORA', 33.33, 'Evaluación de la comprensión lectora', '2024-10-14', '2024-10-20', '2024-10-30', '18:22:00', 1, 'Pendiente', NULL, 2, 1, true, '2024-10-13 05:21:08.597681', 'admin', 'localhost', '2024-10-13 05:21:08.597681', 'admin', 'admin'),
	('RAZONAMIENTO CRÍTICO', 33.33, 'Evaluación del razonamiento crítico', '2024-10-14', '2024-10-20', '2024-10-30', '16:00:00', 2, 'Pendiente', NULL, 2, 1, true, '2024-10-13 05:21:08.597681', 'admin', 'localhost', '2024-10-13 05:21:08.597681', 'admin', 'admin'),
    ('COMUNICACIÓN ASERTIVA', 33.33, 'Evaluación de la comunicación asertiva', '2024-10-14', '2024-10-20', '2024-10-30', '16:00:00', 3, 'Pendiente', NULL, 2, 1, true, '2024-10-13 05:21:08.597681', 'admin', 'localhost', '2024-10-13 05:21:08.597681', 'admin', 'admin');


--Insert de criterio_evaluacion
INSERT INTO criterio_evaluacion (
    "ID_COMPETENCIA", "PUNTUACION_MAXIMA", "PESO", "NUMERO_PREGUNTAS", "PUNTAJE_POR_PREGUNTA", "PUNTAJE_MAXIMO", "PUNTAJE_MINIMO_APROBATORIO", "TIEMPO_POR_PREGUNTA", "TIEMPO_LIMITE", "POSTULA_ACTIVO", "POSTULA_FECHA_CREACION", "POSTULA_USUARIO_CREACION", "POSTULA_HOST_CREACION", "POSTULA_FECHA_ACTUALIZA", "POSTULA_USUARIO_ACTUALIZA", "POSTULA_HOST_ACTUALIZA"
)
VALUES
    (1, 100.00, 33.33, 10, 10.00, 100.00, 60.00, 2.00, '00:28:00', true, '2024-10-13 05:21:08.597681', 'admin', 'localhost', '2024-10-13 05:21:08.597681', 'admin', 'admin'),
	(2, 100.00, 33.33, 10, 10.00, 100.00, 60.00, 2.00, '00:10:00', true, '2024-10-13 05:21:08.597681', 'admin', 'localhost', '2024-10-13 05:21:08.597681', 'admin', 'admin'),
    (3, 100.00, 33.33, 10, 10.00, 100.00, 60.00, 2.00, '00:10:00', true, '2024-10-13 05:21:08.597681', 'admin', 'localhost', '2024-10-13 05:21:08.597681', 'admin', 'admin');

--Insert de postulante
INSERT INTO postulante (
    "DNI", "NOMBRE", "APELLIDO", "CORREO", "CELULAR", "CODIGO_POSTULANTE", "ESTADO", "POSTULA_ACTIVO", "POSTULA_FECHA_CREACION", "POSTULA_USUARIO_CREACION", "POSTULA_HOST_CREACION", "POSTULA_FECHA_ACTUALIZA", "POSTULA_USUARIO_ACTUALIZA", "POSTULA_HOST_ACTUALIZA"
)
VALUES
    ('62281929', 'IRENE CANDELARIA', 'VENTURA COTRADO', 'QUEUFUPREWELLI-6764@YOPMAIL.COM', '978456123', NULL, true, true, '2024-10-13 05:21:08.597681', 'admin', 'localhost', '2024-10-13 05:21:08.597681', 'admin', 'admin'),
    ('61042063', 'CARLA GIOVANNA', 'GUTIERREZ AGUADO', 'JIZIDATTEFFE-4399@YOPMAIL.COM', '965431278', NULL, true, true, '2024-10-13 05:21:08.597681', 'admin', 'localhost', '2024-10-13 05:21:08.597681', 'admin', 'admin');

--Insert de pregunta
INSERT INTO pregunta(
    "TIPO_EVALUACION", "GRUPO", "TEXTO_TITULO", "TEXTO_SUPERIOR", "TEXTO_IMAGEN", 
    "TEXTO_INFERIOR", "ID_ARCHIVO_CARGA", "PREGUNTA", "OPCION_A", "OPCION_B", 
    "OPCION_C", "OPCION_D", "RESPUESTA_CORRECTA", "ID_COMPETENCIA", 
    "POSTULA_ACTIVO", "POSTULA_FECHA_CREACION", "POSTULA_USUARIO_CREACION", 
    "POSTULA_HOST_CREACION", "POSTULA_FECHA_ACTUALIZA", "POSTULA_USUARIO_ACTUALIZA", 
    "POSTULA_HOST_ACTUALIZA"
)
VALUES 
('Comprensión Lectora', NULL, 'Pregunta 7', NULL, 'https://miro.medium.com/v2/resize:fit:700/1*U4gZLnRtHEeJuc6tdVLwPw.png', NULL, NULL, '¿De qué está formada mayormente la atmósfera?', 'Nitrógeno', 'Oxígeno', 'Carbono', 'Hidrógeno', 'A', 1, true, '2024-10-13 05:21:08.597681', 'admin', 'localhost', '2024-10-13 05:21:08.597681', 'admin', 'localhost'),
('Comprensión Lectora', NULL, 'Pregunta 11', 'Historia', 'https://miro.medium.com/v2/resize:fit:700/1*U4gZLnRtHEeJuc6tdVLwPw.png', NULL, NULL, '¿En qué año comenzó la Segunda Guerra Mundial?', '1935', '1937', '1939', '1941', 'C', 1, true, '2024-10-13 05:21:08.597681', 'admin', 'localhost', '2024-10-13 05:21:08.597681', 'admin', 'localhost'),
('Comprensión Lectora', 206, 'La inteligencia artificial y su impacto en la sociedad', NULL, 'https://miro.medium.com/v2/resize:fit:700/1*U4gZLnRtHEeJuc6tdVLwPw.png', NULL, NULL, '¿Qué se sugiere como esencial para el uso de la IA en la sociedad?', 'Ignorar los riesgos asociados', 'Desarrollar políticas y regulaciones adecuadas', 'Priorizar la automatización en todos los sectores', 'Aumentar la producción sin restricciones', 'B', 1, true, '2024-10-13 05:21:08.597681', 'admin', 'localhost', '2024-10-13 05:21:08.597681', 'admin', 'localhost'),
('Comprensión Lectora', 202, 'El poder de la perseverancia', 'En la historia de la aviación, uno de los personajes más inspiradores es Amelia Earhart. Desde temprana edad, Amelia mostró una gran pasión por la aviación, a pesar de vivir en una época donde pocas mujeres se aventuraban en este campo. A lo largo de su vida, Earhart enfrentó numerosos desafíos y contratiempos. Sin embargo, su determinación la llevó a convertirse en la primera mujer en volar sola a través del Atlántico en 1932. Su legado sigue vivo, no solo como pionera en la aviación, sino también como símbolo de perseverancia y coraje frente a la adversidad.', 'https://miro.medium.com/v2/resize:fit:700/1*U4gZLnRtHEeJuc6tdVLwPw.png', 'Amelia Earhart desafió las normas sociales de su tiempo, enfrentando numerosos obstáculos que pudieron haber disuadido a cualquiera. Sin embargo, fue su inquebrantable perseverancia lo que le permitió alcanzar grandes logros. Su vuelo transatlántico no solo fue un triunfo personal, sino un símbolo de que los límites que la sociedad impone pueden superarse con pasión y determinación. Aunque desapareció en su intento de circunnavegar el mundo, su vida sigue inspirando a generaciones a soñar en grande y luchar por sus objetivos sin importar los obstáculos.', 1002, '¿Qué representa Amelia Earhart en la historia de la aviación?', 'Un símbolo de perseverancia y coraje', 'Una persona que abandonó ante las dificultades', 'Un ejemplo de fracaso por intentar lo imposible', 'Una figura que nunca superó las expectativas', 'A', 1, true, '2024-10-13 05:21:08.597681', 'admin', 'localhost', '2024-10-13 05:21:08.597681', 'admin', 'localhost'),
('Comprensión Lectora', 202, 'El poder de la perseverancia', NULL, 'https://miro.medium.com/v2/resize:fit:700/1*U4gZLnRtHEeJuc6tdVLwPw.png', NULL, NULL, '¿Qué simboliza el vuelo transatlántico de Amelia Earhart?', 'El límite de las capacidades humanas', 'El éxito de una meta imposible de alcanzar', 'El triunfo sobre las barreras sociales y de género', 'El fin de las limitaciones de la aviación', 'C', 1, true, '2024-10-13 05:21:08.597681', 'admin', 'localhost', '2024-10-13 05:21:08.597681', 'admin', 'localhost'),
('Comprensión Lectora', 203, 'El impacto de la tecnología en la sociedad', 'La tecnología ha transformado radicalmente la forma en que vivimos, trabajamos y nos relacionamos. Desde la revolución industrial hasta la era de la información, cada avance tecnológico ha impulsado un cambio significativo en la sociedad. Hoy en día, vivimos en un mundo hiperconectado, donde la información está disponible instantáneamente y la automatización está revolucionando industrias enteras. Sin embargo, también surgen desafíos éticos y sociales. La dependencia de la tecnología ha planteado preguntas sobre la privacidad, la seguridad y el impacto en los empleos. A medida que avanzamos hacia el futuro, es crucial encontrar un equilibrio entre los beneficios de la innovación y los riesgos que esta conlleva.', 'https://miro.medium.com/v2/resize:fit:700/1*U4gZLnRtHEeJuc6tdVLwPw.png', 'La era moderna está definida por la tecnología. Nos permite hacer cosas que antes eran impensables: comunicarnos instantáneamente con alguien en el otro lado del mundo, acceder a vastas cantidades de información con solo pulsar un botón y automatizar tareas que anteriormente requerían horas de trabajo humano. Sin embargo, con estos avances vienen nuevas responsabilidades. Los debates sobre la privacidad de los datos, el uso ético de la inteligencia artificial y la pérdida de empleos debido a la automatización se han vuelto temas centrales. El futuro depende de cómo gestionemos estos retos, asegurándonos de que los beneficios de la tecnología se repartan de manera equitativa y ética.', NULL, '¿Cuál es uno de los principales desafíos que ha traído el avance tecnológico?', 'El acceso instantáneo a la información', 'El surgimiento de desafíos éticos y sociales', 'La creación de nuevas industrias', 'La reducción del costo de vida', 'B', 1, true, '2024-10-13 05:21:08.597681', 'admin', 'localhost', '2024-10-13 05:21:08.597681', 'admin', 'localhost'),
('Comprensión Lectora', 203, 'El impacto de la tecnología en la sociedad', NULL, 'https://miro.medium.com/v2/resize:fit:700/1*U4gZLnRtHEeJuc6tdVLwPw.png', NULL, NULL, '¿Cómo ha afectado la tecnología a la comunicación humana?', 'Ha hecho la comunicación más lenta y complicada', 'Ha facilitado la comunicación instantánea a nivel global', 'Ha reducido el acceso a la información', 'Ha desconectado a las personas', 'B', 1, true, '2024-10-13 05:21:08.597681', 'admin', 'localhost', '2024-10-13 05:21:08.597681', 'admin', 'localhost'),
('Razonamiento Crítico', NULL, 'Pregunta 19', 'Francia es uno de los países más emblemáticos de Europa, conocido por su rica historia, cultura y arte. Además, su capital ha sido un centro político, cultural y turístico de gran relevancia a nivel mundial', NULL, NULL, NULL, '¿Cuál es la capital de Francia?', 'Berlín', 'Madrid', 'Roma', 'París', 'D', 2, true, '2024-10-13 05:21:08.597681', 'admin', 'localhost', '2024-10-13 05:21:08.597681', 'admin', 'localhost'),
('Comprensión Lectora', 203, 'El impacto de la tecnología en la sociedad', NULL, 'https://miro.medium.com/v2/resize:fit:700/1*U4gZLnRtHEeJuc6tdVLwPw.png', NULL, NULL, '¿Qué aspecto de la tecnología plantea un desafío importante en términos de empleo?', 'La creación de más trabajos manuales', 'El uso de la inteligencia artificial para mejorar los salarios', 'La automatización y la pérdida de empleos tradicionales', 'El aumento de trabajos no cualificados', 'C', 1, true, '2024-10-13 05:21:08.597681', 'admin', 'localhost', '2024-10-13 05:21:08.597681', 'admin', 'localhost'),
('Comprensión Lectora', 203, 'El impacto de la tecnología en la sociedad', NULL, 'https://miro.medium.com/v2/resize:fit:700/1*U4gZLnRtHEeJuc6tdVLwPw.png', NULL, NULL, '¿Cuál es una posible consecuencia negativa de la dependencia de la tecnología?', 'Mayor acceso a la educación', 'Pérdida de privacidad y seguridad', 'Aumento en la eficiencia laboral', 'Mejoras en la calidad de vida', 'B', 1, true, '2024-10-13 05:21:08.597681', 'admin', 'localhost', '2024-10-13 05:21:08.597681', 'admin', 'localhost'),
('Comprensión Lectora', 203, 'El impacto de la tecnología en la sociedad', NULL, 'https://miro.medium.com/v2/resize:fit:700/1*U4gZLnRtHEeJuc6tdVLwPw.png', NULL, NULL, '¿Qué sugiere el texto que es necesario para enfrentar los desafíos tecnológicos futuros?', 'Seguir innovando sin restricciones', 'Promover el uso irresponsable de la tecnología', 'Encontrar un equilibrio entre los beneficios y los riesgos', 'Evitar el avance tecnológico para preservar los empleos', 'C', 1, true, '2024-10-13 05:21:08.597681', 'admin', 'localhost', '2024-10-13 05:21:08.597681', 'admin', 'localhost'),
('Comprensión Lectora', 206, 'La inteligencia artificial y su impacto en la sociedad', NULL, 'https://miro.medium.com/v2/resize:fit:700/1*U4gZLnRtHEeJuc6tdVLwPw.png', NULL, NULL, '¿Qué aspecto ético se menciona en relación con la IA?', 'La necesidad de formación continua', 'La regulación del uso de datos', 'El aumento de la interacción humana', 'La eliminación de costos', 'B', 1, true, '2024-10-13 05:21:08.597681', 'admin', 'localhost', '2024-10-13 05:21:08.597681', 'admin', 'localhost'),
('Comprensión Lectora', 206, 'La inteligencia artificial y su impacto en la sociedad', 'La inteligencia artificial (IA) está transformando la manera en que interactuamos con la tecnología. Desde asistentes virtuales hasta sistemas de recomendación, la IA ha comenzado a influir en diversas áreas, incluyendo la educación, la salud y la economía. Sin embargo, esta tecnología plantea preguntas importantes sobre el futuro del trabajo, la privacidad y la ética. A medida que la IA se vuelve más sofisticada, se vuelve crucial que desarrollemos políticas y regulaciones adecuadas para mitigar los riesgos asociados con su uso y garantizar que beneficie a toda la sociedad.', 'https://miro.medium.com/v2/resize:fit:700/1*U4gZLnRtHEeJuc6tdVLwPw.png', 'Los avances en IA pueden ofrecer soluciones innovadoras para mejorar la eficiencia y la efectividad en muchas industrias. Por ejemplo, en la educación, la IA puede personalizar el aprendizaje y adaptarse a las necesidades individuales de los estudiantes. Sin embargo, también existe el riesgo de que la automatización pueda reemplazar empleos, llevando a la dislocación laboral y a desigualdades económicas. Por lo tanto, es esencial que la sociedad considere cómo integrar la IA de manera que maximice sus beneficios y minimice sus desventajas.', NULL, '¿Cuál es uno de los principales beneficios de la inteligencia artificial mencionado en el texto?', 'Mejorar la eficiencia en las industrias', 'Reducir la calidad de los servicios', 'Aumentar la carga de trabajo', 'Desacelerar el aprendizaje', 'A', 1, true, '2024-10-13 05:21:08.597681', 'admin', 'localhost', '2024-10-13 05:21:08.597681', 'admin', 'localhost'),
('Comprensión Lectora', 204, 'Los dilemas éticos de la biotecnología', 'La biotecnología ha revolucionado el campo de la medicina, la agricultura y la industria, ofreciendo soluciones innovadoras a problemas complejos. Sin embargo, el uso de técnicas como la edición genética y la clonación plantea dilemas éticos profundos. ¿Hasta dónde debería llegar la intervención humana en la naturaleza? La creación de organismos genéticamente modificados, aunque puede aumentar la producción de alimentos y combatir enfermedades, también genera preocupación sobre la seguridad y el impacto a largo plazo en los ecosistemas. La sociedad debe considerar cuidadosamente los beneficios y riesgos, buscando un equilibrio entre innovación y responsabilidad ética.', 'https://miro.medium.com/v2/resize:fit:700/1*U4gZLnRtHEeJuc6tdVLwPw.png', 'Los avances en biotecnología han llevado a discusiones intensas sobre la ética de modificar organismos vivos. Por un lado, estas tecnologías tienen el potencial de resolver problemas críticos, como la escasez de alimentos y el tratamiento de enfermedades genéticas. Por otro lado, surgen interrogantes sobre el derecho de los seres humanos a jugar a ser "dioses", modificando la vida a su antojo. Estas tensiones requieren un debate abierto e informado, que involucre a científicos, legisladores y al público en general para garantizar que las decisiones se tomen de manera consciente y responsable.', NULL, '¿Cuál es uno de los principales dilemas éticos asociados con la biotecnología?', 'La necesidad de más alimentos', 'La modificación de organismos vivos', 'La reducción de costos en la producción', 'La creación de nuevos empleos en la biotecnología', 'B', 1, true, '2024-10-13 05:21:08.597681', 'admin', 'localhost', '2024-10-13 05:21:08.597681', 'admin', 'localhost'),
('Comprensión Lectora', 204, 'Los dilemas éticos de la biotecnología', NULL, 'https://miro.medium.com/v2/resize:fit:700/1*U4gZLnRtHEeJuc6tdVLwPw.png', NULL, NULL, '¿Cuál es una preocupación sobre los organismos genéticamente modificados?', 'Son completamente seguros y efectivos', 'Pueden afectar negativamente a los ecosistemas', 'Son más caros de producir que los convencionales', 'Aumentan la biodiversidad', 'B', 1, true, '2024-10-13 05:21:08.597681', 'admin', 'localhost', '2024-10-13 05:21:08.597681', 'admin', 'localhost'),
('Comprensión Lectora', 204, 'Los dilemas éticos de la biotecnología', NULL, 'https://miro.medium.com/v2/resize:fit:700/1*U4gZLnRtHEeJuc6tdVLwPw.png', NULL, NULL, '¿Qué se sugiere como una necesidad al considerar la biotecnología?', 'Evitar cualquier tipo de modificación genética', 'Un debate informado y responsable', 'Fomentar la biotecnología sin regulaciones', 'Priorizar los beneficios económicos sobre la ética', 'B', 1, true, '2024-10-13 05:21:08.597681', 'admin', 'localhost', '2024-10-13 05:21:08.597681', 'admin', 'localhost'),
('Comprensión Lectora', 204, 'Los dilemas éticos de la biotecnología', NULL, 'https://miro.medium.com/v2/resize:fit:700/1*U4gZLnRtHEeJuc6tdVLwPw.png', NULL, NULL, '¿Qué se considera esencial para el uso responsable de la biotecnología?', 'La opinión de un solo grupo de interés', 'Un enfoque unidimensional en la innovación', 'La participación de científicos y la sociedad en el debate', 'La promoción de la biotecnología sin restricciones', 'C', 1, true, '2024-10-13 05:21:08.597681', 'admin', 'localhost', '2024-10-13 05:21:08.597681', 'admin', 'localhost'),
('Comprensión Lectora', 205, 'El cambio climático y sus efectos en la biodiversidad', 'El cambio climático es uno de los mayores desafíos que enfrenta la humanidad en el siglo XXI. Los científicos advierten que el aumento de la temperatura global, resultado de la actividad humana, está provocando cambios drásticos en los ecosistemas y la biodiversidad. Muchas especies se ven obligadas a adaptarse rápidamente, migrar a nuevas áreas o enfrentar la extinción. La acidificación de los océanos, el deshielo de los glaciares y el aumento del nivel del mar son solo algunos de los efectos del cambio climático que amenazan la vida en el planeta. La conservación de la biodiversidad es crucial no solo para el equilibrio de los ecosistemas, sino también para la supervivencia humana.', 'https://miro.medium.com/v2/resize:fit:700/1*U4gZLnRtHEeJuc6tdVLwPw.png', 'La biodiversidad es esencial para el funcionamiento de los ecosistemas, ya que proporciona servicios vitales como la polinización, la purificación del agua y la regulación del clima. Sin embargo, el cambio climático está alterando estos procesos naturales, creando incertidumbre sobre el futuro de muchas especies. Además, las comunidades humanas que dependen de la naturaleza para su sustento están en riesgo. Es imperativo que tomemos medidas urgentes para mitigar el cambio climático y proteger la biodiversidad, asegurando un futuro sostenible para las próximas generaciones.', NULL, '¿Cuál es uno de los principales efectos del cambio climático mencionado en el texto?', 'Aumento de la biodiversidad', 'Reducción de los niveles de CO2', 'Deshielo de los glaciares', 'Estabilización de los ecosistemas', 'C', 1, true, '2024-10-13 05:21:08.597681', 'admin', 'localhost', '2024-10-13 05:21:08.597681', 'admin', 'localhost'),
('Comprensión Lectora', NULL, 'Pregunta 9', NULL, 'https://miro.medium.com/v2/resize:fit:700/1*U4gZLnRtHEeJuc6tdVLwPw.png', NULL, NULL, '¿Cuál es el órgano principal del sistema circulatorio?', 'Pulmones', 'Cerebro', 'Hígado', 'Corazón', 'D', 1, true, '2024-10-13 05:21:08.597681', 'admin', 'localhost', '2024-10-13 05:21:08.597681', 'admin', 'localhost'),
('Comprensión Lectora', NULL, 'Pregunta 10', NULL, 'https://miro.medium.com/v2/resize:fit:700/1*U4gZLnRtHEeJuc6tdVLwPw.png', NULL, NULL, '¿Cuál es la fórmula química del agua?', 'CO2', 'H2O', 'O2', 'H2O2', 'B', 1, true, '2024-10-13 05:21:08.597681', 'admin', 'localhost', '2024-10-13 05:21:08.597681', 'admin', 'localhost'),
('Comprensión Lectora', 201, 'Pregunta 4', NULL, 'https://miro.medium.com/v2/resize:fit:700/1*U4gZLnRtHEeJuc6tdVLwPw.png', NULL, NULL, 'La época en la que se desarrolla el texto:', '4', '5', '6', '7', 'B', 1, true, '2024-10-13 05:21:08.597681', 'admin', 'localhost', '2024-10-13 05:21:08.597681', 'admin', 'localhost'),
('Comprensión Lectora', 201, 'Pregunta 5', NULL, 'https://miro.medium.com/v2/resize:fit:700/1*U4gZLnRtHEeJuc6tdVLwPw.png', NULL, NULL, '¿Qué tipo de texto es el que acabamos de leer?', 'Narrativo', 'Expositivo', 'Descriptivo', 'Argumentativo', 'B', 1, true, '2024-10-13 05:21:08.597681', 'admin', 'localhost', '2024-10-13 05:21:08.597681', 'admin', 'localhost'),
('Comprensión Lectora', NULL, 'Pregunta 12', NULL, 'https://miro.medium.com/v2/resize:fit:700/1*U4gZLnRtHEeJuc6tdVLwPw.png', NULL, NULL, '¿Quién descubrió América?', 'Cristóbal Colón', 'Hernán Cortés', 'Marco Polo', 'Américo Vespucio', 'A', 1, true, '2024-10-13 05:21:08.597681', 'admin', 'localhost', '2024-10-13 05:21:08.597681', 'admin', 'localhost'),
('Comprensión Lectora', NULL, 'Pregunta 13', NULL, 'https://miro.medium.com/v2/resize:fit:700/1*U4gZLnRtHEeJuc6tdVLwPw.png', NULL, NULL, '¿Cuál fue la civilización que construyó las pirámides de Egipto?', 'Romanos', 'Griegos', 'Egipcios', 'Persas', 'C', 1, true, '2024-10-13 05:21:08.597681', 'admin', 'localhost', '2024-10-13 05:21:08.597681', 'admin', 'localhost'),
('Comprensión Lectora', NULL, 'Pregunta 14', NULL, 'https://miro.medium.com/v2/resize:fit:700/1*U4gZLnRtHEeJuc6tdVLwPw.png', NULL, NULL, '¿Qué guerra duró del 1914 al 1918?', 'Guerra de Vietnam', 'Primera Guerra Mundial', 'Segunda Guerra Mundial', 'Guerra de los Cien Años', 'B', 1, true, '2024-10-13 05:21:08.597681', 'admin', 'localhost', '2024-10-13 05:21:08.597681', 'admin', 'localhost'),
('Comprensión Lectora', NULL, 'Pregunta 15', NULL, 'https://miro.medium.com/v2/resize:fit:700/1*U4gZLnRtHEeJuc6tdVLwPw.png', NULL, NULL, '¿Cuál es el país más grande del mundo?', 'China', 'Estados Unidos', 'Rusia', 'Brasil', 'C', 1, true, '2024-10-13 05:21:08.597681', 'admin', 'localhost', '2024-10-13 05:21:08.597681', 'admin', 'localhost'),
('Comprensión Lectora', NULL, 'Pregunta 6', 'Ciencias', 'https://miro.medium.com/v2/resize:fit:700/1*U4gZLnRtHEeJuc6tdVLwPw.png', NULL, NULL, '¿Cuál es el planeta más cercano al sol?', 'Venus', 'Tierra', 'Mercurio', 'Marte', 'C', 1, true, '2024-10-13 05:21:08.597681', 'admin', 'localhost', '2024-10-13 05:21:08.597681', 'admin', 'localhost'),
('Razonamiento Crítico', NULL, 'Pregunta 47', 'En un concurso participan inicialmente 15 personas. Sin embargo, en la primera ronda, 5 de ellas son eliminadas, lo que afecta el número total de participantes que quedan.', NULL, NULL, NULL, '¿Cuántos participantes quedan?', '10', '8', '7', '5', 'D', 2, true, '2024-10-13 05:21:08.597681', 'admin', 'localhost', '2024-10-13 05:21:08.597681', 'admin', 'localhost'),
('Razonamiento Crítico', NULL, 'Pregunta 48', 'Una familia que consume 200 litros de agua al mes decide reducir su consumo en un 25% para contribuir al cuidado del medio ambiente. Es importante conocer el nuevo total mensual que consumirán.', NULL, NULL, NULL, '¿Cuánto agua consumirá la familia?', '150 litros', '160 litros', '170 litros', '180 litros', 'A', 2, true, '2024-10-13 05:21:08.597681', 'admin', 'localhost', '2024-10-13 05:21:08.597681', 'admin', 'localhost'),
('Razonamiento Crítico', NULL, 'Pregunta 49', 'Un libro tiene un total de 300 páginas. Si un lector se propone leer 30 páginas diarias, el tiempo total necesario para completar la lectura del libro se vuelve un dato importante.', NULL, NULL, NULL, '¿Cuántos días necesita para completarlo?', '10 días', '9 días', '8 días', '11 días', 'B', 2, true, '2024-10-13 05:21:08.597681', 'admin', 'localhost', '2024-10-13 05:21:08.597681', 'admin', 'localhost'),
('Razonamiento Crítico', NULL, 'Pregunta 50', 'Una mesa típica tiene 4 patas. Si se añaden 2 mesas más al comedor, el número total de patas se ve alterado y es relevante conocer la nueva cantidad.', NULL, NULL, NULL, '¿Cuántas patas hay en total ahora?', '10', '12', '8', '14', 'C', 2, true, '2024-10-13 05:21:08.597681', 'admin', 'localhost', '2024-10-13 05:21:08.597681', 'admin', 'localhost'),
('Razonamiento Crítico', NULL, 'Pregunta 51', 'Una botella de refresco tiene una capacidad de 2 litros. Después de servir 500 ml en una reunión familiar, es necesario determinar cuánto refresco queda disponible para los invitados.', NULL, NULL, NULL, '¿Cuánto refresco queda?', '1.5 litros', '1.2 litros', '1 litro', '1.8 litros', 'D', 2, true, '2024-10-13 05:21:08.597681', 'admin', 'localhost', '2024-10-13 05:21:08.597681', 'admin', 'localhost'),
('Razonamiento Crítico', NULL, 'Pregunta 52', 'Un grupo de estudiantes viaja en un autobús que tiene una capacidad para 50 personas. Si 30 ya han subido, es esencial conocer el número de asientos libres que quedan para los demás.', NULL, NULL, NULL, '¿Cuántos asientos quedan libres?', '20', '15', '25', '10', 'A', 2, true, '2024-10-13 05:21:08.597681', 'admin', 'localhost', '2024-10-13 05:21:08.597681', 'admin', 'localhost'),
('Razonamiento Crítico', NULL, 'Pregunta 53', 'En una encuesta realizada a un grupo de personas, el 60% de los participantes eligieron una opción específica. Dado que hay 200 participantes, es importante conocer el número total que eligió esa opción.', NULL, NULL, NULL, '¿Cuántos eligieron esa opción?', '120', '100', '130', '150', 'B', 2, true, '2024-10-13 05:21:08.597681', 'admin', 'localhost', '2024-10-13 05:21:08.597681', 'admin', 'localhost'),
('Razonamiento Crítico', NULL, 'Pregunta 54', 'Una regla establece que debe haber un profesor por cada 3 alumnos en una clase. Si hay 12 alumnos, esto determina cuántos profesores son necesarios para mantener el orden y la atención en la clase.', NULL, NULL, NULL, '¿Cuántos profesores se requieren?', '2', '3', '4', '5', 'C', 2, true, '2024-10-13 05:21:08.597681', 'admin', 'localhost', '2024-10-13 05:21:08.597681', 'admin', 'localhost'),
('Comprensión Lectora', NULL, 'Pregunta 8', NULL, 'https://miro.medium.com/v2/resize:fit:700/1*U4gZLnRtHEeJuc6tdVLwPw.png', NULL, NULL, '¿Cuál es el gas que respiramos?', 'Nitrógeno', 'Oxígeno', 'Dióxido de carbono', 'Helio', 'B', 1, true, '2024-10-13 05:21:08.597681', 'admin', 'localhost', '2024-10-13 05:21:08.597681', 'admin', 'localhost'),
('Razonamiento Crítico', NULL, 'Pregunta 16', 'Los ríos son vitales para los ecosistemas y las civilizaciones, y entre ellos, uno se destaca como el más largo del mundo. Este río no solo ha sido crucial para el desarrollo de culturas, sino que también es conocido por su impresionante longitud y caudal.', NULL, NULL, NULL, '¿Cuál es el río más largo del mundo?', 'Nilo', 'Amazonas', 'Yangtsé', 'Misisipi', 'B', 2, true, '2024-10-13 05:21:08.597681', 'admin', 'localhost', '2024-10-13 05:21:08.597681', 'admin', 'localhost'),
('Comprensión Lectora', 205, 'El cambio climático y sus efectos en la biodiversidad', NULL, 'https://miro.medium.com/v2/resize:fit:700/1*U4gZLnRtHEeJuc6tdVLwPw.png', NULL, NULL, '¿Qué amenaza enfrenta la biodiversidad según el texto?', 'La mejora de la calidad del aire', 'La actividad humana y el cambio climático', 'El aumento de la población mundial', 'La conservación de las especies', 'B', 1, true, '2024-10-13 05:21:08.597681', 'admin', 'localhost', '2024-10-13 05:21:08.597681', 'admin', 'localhost'),
('Comprensión Lectora', 201, 'Pregunta 1', 'sobrevivió 500 años, sino que tambien ingresó como texto de relleno en documentos electrónicos, quedando esencialmente igual al original. Fue popularizado en los 60s con la creación de las hojas "Letraset", las cuales contenian pasajes de Lorem Ipsum, y más recientemente con software de autoedición, como por ejemplo Aldus PageMaker, el cual incluye versiones de Lorem Ipsum.', 'https://miro.medium.com/v2/resize:fit:700/1*U4gZLnRtHEeJuc6tdVLwPw.png', NULL, NULL, 'La idea principal del texto es:', '6', '7', '8', '9', 'C', 1, true, '2024-10-13 05:21:08.597681', 'admin', 'localhost', '2024-10-13 05:21:08.597681', 'admin', 'localhost'),
('Comprensión Lectora', 201, 'Pregunta 2', NULL, 'https://miro.medium.com/v2/resize:fit:700/1*U4gZLnRtHEeJuc6tdVLwPw.png', NULL, NULL, 'El personaje principal es:', '6', '8', '10', '12', 'B', 1, true, '2024-10-13 05:21:08.597681', 'admin', 'localhost', '2024-10-13 05:21:08.597681', 'admin', 'localhost'),
('Comprensión Lectora', 201, 'Pregunta 3', NULL, 'https://miro.medium.com/v2/resize:fit:700/1*U4gZLnRtHEeJuc6tdVLwPw.png', NULL, NULL, 'Los personajes secundarios son:', '40', '42', '44', '46', 'B', 1, true, '2024-10-13 05:21:08.597681', 'admin', 'localhost', '2024-10-13 05:21:08.597681', 'admin', 'localhost'),
('Comprensión Lectora', 205, 'El cambio climático y sus efectos en la biodiversidad', NULL, 'https://miro.medium.com/v2/resize:fit:700/1*U4gZLnRtHEeJuc6tdVLwPw.png', NULL, NULL, '¿Qué rol desempeña la biodiversidad en los ecosistemas?', 'Es irrelevante para el funcionamiento del ecosistema', 'Genera un aumento de la temperatura', 'Limita la producción de alimentos', 'Proporciona servicios vitales para la supervivencia', 'D', 1, true, '2024-10-13 05:21:08.597681', 'admin', 'localhost', '2024-10-13 05:21:08.597681', 'admin', 'localhost'),
('Comprensión Lectora', 205, 'El cambio climático y sus efectos en la biodiversidad', NULL, 'https://miro.medium.com/v2/resize:fit:700/1*U4gZLnRtHEeJuc6tdVLwPw.png', NULL, NULL, 'Según el texto, ¿qué medidas deben tomarse para proteger la biodiversidad?', 'Tomar acciones urgentes para mitigar el cambio climático', 'Incrementar la deforestación', 'Ignorar los cambios en el medio ambiente', 'Priorizar el desarrollo económico sobre la conservación', 'A', 1, true, '2024-10-13 05:21:08.597681', 'admin', 'localhost', '2024-10-13 05:21:08.597681', 'admin', 'localhost'),
('Comprensión Lectora', 205, 'El cambio climático y sus efectos en la biodiversidad', NULL, 'https://miro.medium.com/v2/resize:fit:700/1*U4gZLnRtHEeJuc6tdVLwPw.png', NULL, NULL, '¿Por qué es crucial la conservación de la biodiversidad según el texto?', 'Para aumentar la competitividad económica', 'Para garantizar la supervivencia humana y el equilibrio ecológico', 'Para fomentar el cambio climático', 'Para reducir la población de especies', 'B', 1, true, '2024-10-13 05:21:08.597681', 'admin', 'localhost', '2024-10-13 05:21:08.597681', 'admin', 'localhost'),
('Comprensión Lectora', 206, 'La inteligencia artificial y su impacto en la sociedad', NULL, 'https://miro.medium.com/v2/resize:fit:700/1*U4gZLnRtHEeJuc6tdVLwPw.png', NULL, NULL, 'Según el texto, ¿qué desafío plantea la IA en el ámbito laboral?', 'El aumento de la productividad', 'La personalización del aprendizaje', 'El reemplazo de empleos', 'La mejora en la atención al cliente', 'C', 1, true, '2024-10-13 05:21:08.597681', 'admin', 'localhost', '2024-10-13 05:21:08.597681', 'admin', 'localhost'),
('Comprensión Lectora', 206, 'La inteligencia artificial y su impacto en la sociedad', NULL, 'https://miro.medium.com/v2/resize:fit:700/1*U4gZLnRtHEeJuc6tdVLwPw.png', NULL, NULL, '¿Cómo puede la IA beneficiar la educación?', 'Por medio de la automatización de los exámenes', 'Aumentando la carga de trabajo de los profesores', 'Personalizando el aprendizaje para cada estudiante', 'Disminuyendo la interacción entre alumnos', 'C', 1, true, '2024-10-13 05:21:08.597681', 'admin', 'localhost', '2024-10-13 05:21:08.597681', 'admin', 'localhost'),
('Comprensión Lectora', 207, 'Los beneficios de la lectura en la vida cotidiana', NULL, 'https://miro.medium.com/v2/resize:fit:700/1*U4gZLnRtHEeJuc6tdVLwPw.png', NULL, NULL, '¿Cómo afecta la lectura al vocabulario según el texto?', 'Lo disminuye con el tiempo', 'No tiene efecto en el vocabulario', 'Lo enriquece y amplía', 'Lo mantiene igual', 'C', 1, true, '2024-10-13 05:21:08.597681', 'admin', 'localhost', '2024-10-13 05:21:08.597681', 'admin', 'localhost'),
('Comprensión Lectora', 207, 'Los beneficios de la lectura en la vida cotidiana', NULL, 'https://miro.medium.com/v2/resize:fit:700/1*U4gZLnRtHEeJuc6tdVLwPw.png', NULL, NULL, '¿Cuál es una de las razones por las que la lectura es considerada esencial?', 'Porque solo se puede hacer en grupo', 'Por su papel en el aprendizaje y crecimiento personal', 'Porque es una actividad costosa', 'Porque no se puede realizar en la vida moderna', 'B', 1, true, '2024-10-13 05:21:08.597681', 'admin', 'localhost', '2024-10-13 05:21:08.597681', 'admin', 'localhost'),
('Comprensión Lectora', 208, 'La influencia de la tecnología en la educación', 'La tecnología ha revolucionado el sector educativo, proporcionando nuevas herramientas y recursos que facilitan el aprendizaje. Desde plataformas de e-learning hasta aplicaciones educativas interactivas, la tecnología permite un acceso más amplio a la información y fomenta un aprendizaje más personalizado. Sin embargo, también plantea desafíos, como la distracción y la sobrecarga de información, lo que requiere que los educadores adapten sus métodos de enseñanza para maximizar los beneficios de estas herramientas.', 'https://miro.medium.com/v2/resize:fit:700/1*U4gZLnRtHEeJuc6tdVLwPw.png', 'A medida que la tecnología avanza, las aulas también se transforman. Los estudiantes ahora pueden colaborar en proyectos en línea, acceder a materiales educativos desde cualquier lugar y participar en experiencias de aprendizaje inmersivas. No obstante, es esencial que los educadores y padres guíen a los estudiantes en el uso efectivo de la tecnología, para que puedan desarrollar habilidades críticas y discernir la calidad de la información disponible.', NULL, '¿Cuál es uno de los beneficios de la tecnología en la educación mencionado en el texto?', 'Facilita el acceso a la información', 'Disminuye la colaboración entre estudiantes', 'Aumenta el tiempo de inactividad', 'Limita las oportunidades de aprendizaje', 'A', 1, true, '2024-10-13 05:21:08.597681', 'admin', 'localhost', '2024-10-13 05:21:08.597681', 'admin', 'localhost'),
('Razonamiento Crítico', NULL, 'Pregunta 25', 'Considerado uno de los escritores más influyentes del siglo XX, Jorge Luis Borges dejó un legado literario caracterizado por sus ensayos, cuentos y poemas que exploran conceptos como el tiempo, el laberinto y la identidad. Su obra ha marcado profundamente la literatura universal.', NULL, NULL, NULL, '¿En qué país nació Jorge Luis Borges?', 'México', 'Argentina', 'Chile', 'España', 'B', 2, true, '2024-10-13 05:21:08.597681', 'admin', 'localhost', '2024-10-13 05:21:08.597681', 'admin', 'localhost'),
('Razonamiento Crítico', NULL, 'Pregunta 18', 'El planeta Tierra está dividido en grandes masas de tierra llamadas continentes, cada uno con sus propias características geográficas, culturales y demográficas. A pesar de su tamaño, algunos continentes juegan un papel fundamental en la historia y el equilibrio global.', NULL, NULL, NULL, '¿Cuál es el continente más pequeño?', 'Asia', 'Europa', 'Oceanía', 'Antártida', 'C', 2, true, '2024-10-13 05:21:08.597681', 'admin', 'localhost', '2024-10-13 05:21:08.597681', 'admin', 'localhost'),
('Razonamiento Crítico', NULL, 'Pregunta 26', 'En la historia del arte, una de las obras más reconocibles es "La Mona Lisa". Esta famosa pintura, conocida por su enigmática sonrisa y su intrincado fondo, es considerada un ícono del Renacimiento.', NULL, NULL, NULL, '¿Quién pintó "La Mona Lisa"?', 'Miguel Ángel', 'Leonardo da Vinci', 'Vincent van Gogh', 'Pablo Picasso', 'B', 2, true, '2024-10-13 05:21:08.597681', 'admin', 'localhost', '2024-10-13 05:21:08.597681', 'admin', 'localhost'),
('Razonamiento Crítico', NULL, 'Pregunta 21', 'Una de las obras más importantes de la literatura española es "Don Quijote de la Mancha", una novela que narra las aventuras de un caballero y su fiel escudero. Este clásico ha influido en la literatura y el arte a lo largo de los siglos.', NULL, NULL, NULL, '¿Quién escribió "Don Quijote de la Mancha"?', 'Gabriel García Márquez', 'Miguel de Cervantes', 'Jorge Luis Borges', 'Mario Vargas Llosa', 'B', 2, true, '2024-10-13 05:21:08.597681', 'admin', 'localhost', '2024-10-13 05:21:08.597681', 'admin', 'localhost'),
('Razonamiento Crítico', NULL, 'Pregunta 20', 'El mundo alberga numerosos países con diversas geografías, y algunos son famosos por su gran cantidad de islas. Entre ellos, uno destaca por tener la mayor cantidad de islas en su territorio, lo que contribuye a su rica biodiversidad y belleza natural.', NULL, NULL, NULL, '¿Qué país tiene la mayor cantidad de islas?', 'Suecia', 'Noruega', 'Filipinas', 'Indonesia', 'D', 2, true, '2024-10-13 05:21:08.597681', 'admin', 'localhost', '2024-10-13 05:21:08.597681', 'admin', 'localhost'),
('Razonamiento Crítico', NULL, 'Pregunta 17', 'A lo largo de la historia, la distribución de la población mundial ha variado notablemente entre diferentes regiones del planeta. En la actualidad, algunos países albergan a miles de millones de personas, siendo potencias demográficas globales. Esto nos lleva a plantear la siguiente pregunta:', NULL, NULL, NULL, '¿Cuál es el país más poblado del mundo?', 'India', 'Estados Unidos', 'China', 'Rusia', 'C', 2, true, '2024-10-13 05:21:08.597681', 'admin', 'localhost', '2024-10-13 05:21:08.597681', 'admin', 'localhost'),
('Razonamiento Crítico', NULL, 'Pregunta 22', 'Considerado uno de los escritores más influyentes de la literatura universal, William Shakespeare ha dejado un legado incomparable a través de sus obras teatrales y poéticas. Sus creaciones han trascendido épocas y fronteras, consolidándolo como un ícono de la cultura literaria.', NULL, NULL, NULL, '¿Cuál es la obra más famosa de William Shakespeare?', 'Hamlet', 'Macbeth', 'Romeo y Julieta', 'La tempestad', 'C', 2, true, '2024-10-13 05:21:08.597681', 'admin', 'localhost', '2024-10-13 05:21:08.597681', 'admin', 'localhost'),
('Razonamiento Crítico', NULL, 'Pregunta 23', 'Una de las novelas más representativas del realismo mágico ha cautivado a millones de lectores en todo el mundo. "Cien años de soledad" es una obra maestra que explora los mitos, las leyendas y las historias de una familia a lo largo de generaciones, consolidándose como un referente de la literatura latinoamericana.', NULL, NULL, NULL, '¿Quién es el autor de "Cien años de soledad"?', 'Mario Vargas Llosa', 'Gabriel García Márquez', 'Pablo Neruda', 'Julio Cortázar', 'B', 2, true, '2024-10-13 05:21:08.597681', 'admin', 'localhost', '2024-10-13 05:21:08.597681', 'admin', 'localhost'),
('Razonamiento Crítico', NULL, 'Pregunta 24', 'Reconocido por su intensa poesía y su compromiso social, Pablo Neruda es uno de los poetas más destacados del siglo XX. Sus versos han sido traducidos a numerosos idiomas, convirtiéndolo en una figura literaria de renombre mundial.', NULL, NULL, NULL, '¿Cuál es la nacionalidad de Pablo Neruda?', 'Chileno', 'Argentino', 'Uruguayo', 'Peruano', 'A', 2, true, '2024-10-13 05:21:08.597681', 'admin', 'localhost', '2024-10-13 05:21:08.597681', 'admin', 'localhost'),
('Razonamiento Crítico', NULL, 'Pregunta 31', 'En un estanque hay 5 patos nadando tranquilamente. De repente, 2 de ellos vuelan hacia un árbol cercano, mientras que otros 3 permanecen en el agua. Observa cuidadosamente la situación.', NULL, NULL, NULL, '¿Cuántos patos quedan en el estanque?', '2', '3', '5', '0', 'B', 2, true, '2024-10-13 05:21:08.597681', 'admin', 'localhost', '2024-10-13 05:21:08.597681', 'admin', 'localhost'),
('Razonamiento Crítico', NULL, 'Pregunta 32', 'Un tren sale de la estación a las 3 PM y viaja a una velocidad constante de 60 km/h. La distancia total a su destino es de 180 km. Calcula el tiempo de viaje considerando que no hay paradas.', NULL, NULL, NULL, '¿Cuánto tiempo tardará en llegar a su destino?', '2 horas', '3 horas', '4 horas', '5 horas', 'A', 2, true, '2024-10-13 05:21:08.597681', 'admin', 'localhost', '2024-10-13 05:21:08.597681', 'admin', 'localhost'),
('Razonamiento Crítico', NULL, 'Pregunta 33', 'Un agricultor tiene un total de 200 manzanas en su granja. Decide vender algunas en el mercado local para obtener ingresos. Después de la venta, planea reservar un número específico de manzanas para su familia.', NULL, NULL, NULL, 'Si vende 50 manzanas, ¿cuántas le quedan para su uso personal?', '150', '200', '50', '100', 'A', 2, true, '2024-10-13 05:21:08.597681', 'admin', 'localhost', '2024-10-13 05:21:08.597681', 'admin', 'localhost'),
('Razonamiento Crítico', NULL, 'Pregunta 34', 'En un partido de fútbol, el equipo A se enfrenta al equipo B en la final del campeonato. Ambos equipos están muy parejos en habilidades y estrategias de juego.', NULL, NULL, NULL, 'Si el equipo A anota 3 goles y el equipo B anota 2 goles al final del tiempo reglamentario, ¿cuál será el resultado del partido?', 'Empate', 'Victoria A', 'Victoria B', 'Ninguna de las anteriores', 'B', 2, true, '2024-10-13 05:21:08.597681', 'admin', 'localhost', '2024-10-13 05:21:08.597681', 'admin', 'localhost'),
('Razonamiento Crítico', NULL, 'Pregunta 35', 'En una clase de matemáticas hay 20 alumnos inscritos. Durante la clase, algunos alumnos deciden salir por diferentes motivos, como problemas de salud o compromisos personales.', NULL, NULL, NULL, 'Si 5 alumnos se van, ¿cuántos alumnos permanecen en la clase?', '10', '15', '5', '20', 'B', 2, true, '2024-10-13 05:21:08.597681', 'admin', 'localhost', '2024-10-13 05:21:08.597681', 'admin', 'localhost'),
('Razonamiento Crítico', NULL, 'Pregunta 36', 'Una biblioteca cuenta con 500 libros al inicio del año. Después de realizar una donación de 150 libros a una institución local y adquirir 80 nuevos títulos, se modifica el total de libros en la colección.', NULL, NULL, NULL, '¿Cuántos libros hay en total?', '430', '400', '350', '480', 'A', 2, true, '2024-10-13 05:21:08.597681', 'admin', 'localhost', '2024-10-13 05:21:08.597681', 'admin', 'localhost'),
('Razonamiento Crítico', NULL, 'Pregunta 37', 'Durante una carrera de atletismo, 10 corredores inician la competencia desde la misma línea de salida. Sin embargo, dos de ellos deciden retirarse antes de finalizar la carrera y otros dos llegan tarde, lo que afecta el número total de participantes.', NULL, NULL, NULL, '¿Cuántos corredores siguen en la carrera?', '6', '8', '10', '7', 'B', 2, true, '2024-10-13 05:21:08.597681', 'admin', 'localhost', '2024-10-13 05:21:08.597681', 'admin', 'localhost'),
('Razonamiento Crítico', NULL, 'Pregunta 38', 'En un jardín hay 40 flores de diferentes tipos, entre ellas 25 son rosas. Luego de plantar 10 flores más y quitar 5 marchitas, el número total de flores varía y se vuelve relevante conocer la cantidad final.', NULL, NULL, NULL, '¿Cuántas flores quedan en el jardín?', '45', '50', '35', '40', 'C', 2, true, '2024-10-13 05:21:08.597681', 'admin', 'localhost', '2024-10-13 05:21:08.597681', 'admin', 'localhost'),
('Razonamiento Crítico', NULL, 'Pregunta 39', 'Un vestido en una tienda tiene un precio de $120. Actualmente, hay una promoción que ofrece un descuento del 25%, lo que modifica el precio original del vestido.', NULL, NULL, NULL, '¿Cuál será el precio después del descuento?', '90', '95', '100', '85', 'D', 2, true, '2024-10-13 05:21:08.597681', 'admin', 'localhost', '2024-10-13 05:21:08.597681', 'admin', 'localhost'),
('Razonamiento Crítico', NULL, 'Pregunta 40', 'Una botella de agua tiene una capacidad de 1.5 litros. Tras servir 300 ml en una reunión, es importante conocer el volumen de agua que queda disponible en la botella.', NULL, NULL, NULL, '¿Cuánto agua queda en total?', '1.2 litros', '1.1 litros', '1.5 litros', '1.0 litros', 'A', 2, true, '2024-10-13 05:21:08.597681', 'admin', 'localhost', '2024-10-13 05:21:08.597681', 'admin', 'localhost'),
('Razonamiento Crítico', NULL, 'Pregunta 41', 'Un cine tiene un total de 150 asientos disponibles para el público. Durante una función, se ocupan 90 asientos, y en otra función se ocupan 100, afectando la disponibilidad total de asientos.', NULL, NULL, NULL, '¿Cuántos asientos están disponibles después de ambas funciones?', '10', '20', '30', '40', 'B', 2, true, '2024-10-13 05:21:08.597681', 'admin', 'localhost', '2024-10-13 05:21:08.597681', 'admin', 'localhost'),
('Razonamiento Crítico', NULL, 'Pregunta 42', 'Una computadora tiene un disco duro de 1 TB de capacidad. Si el usuario utiliza 300 GB para archivos personales y aplicaciones, es relevante determinar el espacio que queda disponible para almacenar más datos.', NULL, NULL, NULL, '¿Cuánto espacio libre queda en el disco?', '700 GB', '600 GB', '500 GB', '400 GB', 'C', 2, true, '2024-10-13 05:21:08.597681', 'admin', 'localhost', '2024-10-13 05:21:08.597681', 'admin', 'localhost'),
('Razonamiento Crítico', NULL, 'Pregunta 43', 'En una tienda, un par de zapatos se encuentra a un precio de $80. Actualmente, el establecimiento aplica un 15% de descuento, lo que afecta el costo final de los zapatos.', NULL, NULL, NULL, '¿Cuánto costarán los zapatos después del descuento?', '68', '70', '72', '75', 'D', 2, true, '2024-10-13 05:21:08.597681', 'admin', 'localhost', '2024-10-13 05:21:08.597681', 'admin', 'localhost'),
('Comunicación Asertiva', NULL, 'Pregunta 34', 'En situaciones difíciles, mantener una actitud positiva puede ayudar a resolver conflictos y a fomentar el diálogo.', NULL, NULL, NULL, '¿Qué actitud deberías tener?', 'Ser negativo y pesimista.', 'Mantener una actitud positiva y abierta.', 'Ignorar los problemas.', 'Cerrar la discusión rápidamente.', 'A', 3, true, '2024-10-13 05:21:08.597681', 'admin', 'localhost', '2024-10-13 05:21:08.597681', 'admin', 'localhost'),
('Comunicación Asertiva', NULL, 'Pregunta 35', 'La forma en que formulamos nuestras peticiones puede influir en la respuesta de los demás. Ser claro y directo es crucial.', NULL, NULL, NULL, '¿Cuál es la mejor manera de formular una petición?', 'Ser vago en la solicitud.', 'Ser claro y específico en lo que necesitas.', 'Asumir que los demás saben lo que quieres.', 'Hacer peticiones en un tono demandante.', 'C', 3, true, '2024-10-13 05:21:08.597681', 'admin', 'localhost', '2024-10-13 05:21:08.597681', 'admin', 'localhost'),
('Comunicación Asertiva', NULL, 'Pregunta 36', 'La capacidad de reconocer y validar los sentimientos de los demás es una habilidad esencial en la comunicación asertiva.', NULL, NULL, NULL, '¿Qué implica validar sentimientos?', 'Ignorar las emociones de los demás.', 'Reconocer y respetar las emociones de otros.', 'Hacer que se sientan mal por sus emociones.', 'No prestar atención a lo que sienten.', 'A', 3, true, '2024-10-13 05:21:08.597681', 'admin', 'localhost', '2024-10-13 05:21:08.597681', 'admin', 'localhost'),
('Comunicación Asertiva', NULL, 'Pregunta 1', 'Durante una reunión, un compañero expresa su desacuerdo con una propuesta. Es importante responder de manera que fomente un diálogo constructivo.', NULL, NULL, NULL, '¿Cuál sería una respuesta adecuada?', 'Entiendo tu punto, pero creo que estás equivocado.', 'Eso no es cierto, deberías escucharme.', 'Aprecio tu opinión, ¿podrías explicarte mejor?', 'No me interesa lo que piensas.', 'C', 3, true, '2024-10-13 05:21:08.597681', 'admin', 'localhost', '2024-10-13 05:21:08.597681', 'admin', 'localhost'),
('Comunicación Asertiva', NULL, 'Pregunta 2', 'Un amigo te cuenta sobre una situación difícil que está enfrentando y busca tu apoyo. Tu respuesta puede influir en cómo se siente.', NULL, NULL, NULL, '¿Qué deberías decir para ofrecer apoyo?', 'Eso no es un gran problema.', 'Siempre me pasa algo similar.', 'Estoy aquí para ayudarte, ¿qué necesitas?', 'No puedo ayudar con eso.', 'C', 3, true, '2024-10-13 05:21:08.597681', 'admin', 'localhost', '2024-10-13 05:21:08.597681', 'admin', 'localhost'),
('Comunicación Asertiva', NULL, 'Pregunta 3', 'En una conversación, es común que surjan malentendidos. Es esencial aclarar las intenciones para evitar conflictos.', NULL, NULL, NULL, '¿Cómo puedes aclarar tus intenciones?', 'Lo que quise decir es...', 'No creo que me entiendas.', 'No es mi problema si no me entiendes.', '¿Por qué no me escuchas?', 'A', 3, true, '2024-10-13 05:21:08.597681', 'admin', 'localhost', '2024-10-13 05:21:08.597681', 'admin', 'localhost'),
('Comunicación Asertiva', NULL, 'Pregunta 4', 'Al dar retroalimentación a un compañero sobre su trabajo, es importante que tu enfoque sea positivo y constructivo.', NULL, NULL, NULL, '¿Cuál sería la mejor manera de dar retroalimentación?', 'Creo que deberías mejorar esto.', 'Tu trabajo no es bueno.', 'Me gusta lo que has hecho, pero podrías considerar...', 'No sé por qué hiciste eso.', 'C', 3, true, '2024-10-13 05:21:08.597681', 'admin', 'localhost', '2024-10-13 05:21:08.597681', 'admin', 'localhost'),
('Comunicación Asertiva', NULL, 'Pregunta 5', 'Cuando te sientes frustrado, expresar tus sentimientos de forma adecuada es crucial para mantener relaciones sanas.', NULL, NULL, NULL, '¿Cómo puedes expresar tu frustración de manera asertiva?', 'Estoy muy molesto con esta situación.', 'No puedo creer que esto esté pasando.', 'Me siento frustrado y me gustaría hablar al respecto.', 'No me importa lo que digan los demás.', 'C', 3, true, '2024-10-13 05:21:08.597681', 'admin', 'localhost', '2024-10-13 05:21:08.597681', 'admin', 'localhost'),
('Comunicación Asertiva', NULL, 'Pregunta 6', 'En una discusión, escuchar activamente a la otra persona puede cambiar la dinámica de la conversación.', NULL, NULL, NULL, '¿Cuál es una buena manera de mostrar que estás escuchando?', 'No estoy de acuerdo contigo.', 'Voy a interrumpirte.', 'Asiento y repito lo que has dicho para asegurarme de entenderte.', 'No me interesa tu opinión.', 'C', 3, true, '2024-10-13 05:21:08.597681', 'admin', 'localhost', '2024-10-13 05:21:08.597681', 'admin', 'localhost'),
('Comunicación Asertiva', NULL, 'Pregunta 7', 'Al pedir ayuda, es esencial ser claro sobre tus necesidades para obtener el apoyo que requieres.', NULL, NULL, NULL, '¿Cómo deberías formular tu solicitud?', 'No sé si puedes ayudarme.', 'Podrías ayudarme con esto, por favor.', 'No puedo hacerlo solo.', 'Hazlo tú, no tengo tiempo.', 'B', 3, true, '2024-10-13 05:21:08.597681', 'admin', 'localhost', '2024-10-13 05:21:08.597681', 'admin', 'localhost'),
('Comunicación Asertiva', NULL, 'Pregunta 8', 'En una reunión, es posible que quieras presentar tus ideas. Ser claro y directo puede hacer una gran diferencia.', NULL, NULL, NULL, '¿Cómo deberías presentar tus ideas?', 'Creo que mi idea es la mejor.', 'Me gustaría compartir una idea que creo que podría funcionar.', 'No sé si esto es importante.', '¿Alguien quiere escucharme?', 'B', 3, true, '2024-10-13 05:21:08.597681', 'admin', 'localhost', '2024-10-13 05:21:08.597681', 'admin', 'localhost'),
('Comunicación Asertiva', NULL, 'Pregunta 9', 'Cuando recibes críticas, tu reacción puede influir en la relación con la otra persona.', NULL, NULL, NULL, '¿Cómo deberías responder a críticas constructivas?', 'No me gusta lo que dijiste.', 'Voy a pensar en esto y ver cómo puedo mejorar.', 'No creo que eso sea cierto.', 'Eso es solo tu opinión.', 'B', 3, true, '2024-10-13 05:21:08.597681', 'admin', 'localhost', '2024-10-13 05:21:08.597681', 'admin', 'localhost'),
('Comunicación Asertiva', NULL, 'Pregunta 10', 'Al comunicarte con alguien que tiene un punto de vista diferente, es útil buscar un terreno común.', NULL, NULL, NULL, '¿Qué deberías hacer primero?', 'Decir que estás equivocado.', 'Escuchar atentamente y luego compartir tu perspectiva.', 'Ignorar su opinión.', 'Afirmar que tu punto de vista es el correcto.', 'B', 3, true, '2024-10-13 05:21:08.597681', 'admin', 'localhost', '2024-10-13 05:21:08.597681', 'admin', 'localhost'),
('Comunicación Asertiva', NULL, 'Pregunta 11', 'La comunicación efectiva en el trabajo no solo involucra hablar, sino también escuchar con atención a los demás. Esto ayuda a construir un ambiente de confianza y colaboración.', NULL, NULL, NULL, '¿Cuál es un aspecto clave de la comunicación efectiva?', 'Hablar sin escuchar.', 'Escuchar activamente a los demás.', 'Interrumpir constantemente.', 'Evitar el contacto visual.', 'B', 3, true, '2024-10-13 05:21:08.597681', 'admin', 'localhost', '2024-10-13 05:21:08.597681', 'admin', 'localhost'),
('Comunicación Asertiva', NULL, 'Pregunta 12', 'En situaciones de conflicto, es esencial abordar el problema de manera constructiva. Esto implica expresar tus sentimientos y necesidades sin atacar a la otra persona.', NULL, NULL, NULL, '¿Cómo puedes abordar un conflicto de manera constructiva?', 'Ignorando el problema.', 'Expresando tus sentimientos sin atacar a la otra persona.', 'Gritando para ser escuchado.', 'Culpar a los demás.', 'C', 3, true, '2024-10-13 05:21:08.597681', 'admin', 'localhost', '2024-10-13 05:21:08.597681', 'admin', 'localhost'),
('Comunicación Asertiva', NULL, 'Pregunta 13', 'Cuando se trabaja en equipo, cada miembro debe sentirse valorado y escuchado. Esto puede mejorar la moral y la productividad del grupo.', NULL, NULL, NULL, '¿Qué es esencial para fomentar un ambiente colaborativo?', 'No permitir que otros hablen.', 'Valorar y reconocer las contribuciones de todos.', 'Siempre imponer tus ideas.', 'Hablar más que los demás.', 'A', 3, true, '2024-10-13 05:21:08.597681', 'admin', 'localhost', '2024-10-13 05:21:08.597681', 'admin', 'localhost'),
('Comunicación Asertiva', NULL, 'Pregunta 14', 'La claridad al comunicar un mensaje es fundamental para evitar malentendidos y confusiones. Esto se logra usando un lenguaje simple y directo.', NULL, NULL, NULL, '¿Qué ayuda a lograr claridad en la comunicación?', 'Usar jerga técnica.', 'Ser claro y directo en tu mensaje.', 'Hablar de manera vaga.', 'No estructurar tus ideas.', 'B', 3, true, '2024-10-13 05:21:08.597681', 'admin', 'localhost', '2024-10-13 05:21:08.597681', 'admin', 'localhost'),
('Comunicación Asertiva', NULL, 'Pregunta 15', 'Al dar retroalimentación, es importante ser específico y enfocado en el comportamiento, no en la persona. Esto ayuda a que la otra persona reciba la crítica de manera positiva.', NULL, NULL, NULL, '¿Cómo deberías dar retroalimentación?', 'Hacer comentarios generales.', 'Ser específico sobre el comportamiento observado.', 'Criticar sin ofrecer soluciones.', 'Decir que todo está mal.', 'B', 3, true, '2024-10-13 05:21:08.597681', 'admin', 'localhost', '2024-10-13 05:21:08.597681', 'admin', 'localhost'),
('Comunicación Asertiva', NULL, 'Pregunta 16', 'La empatía es clave en la comunicación, ya que permite entender las perspectivas de los demás y responde de manera más efectiva a sus necesidades.', NULL, NULL, NULL, '¿Cuál es un componente fundamental de la empatía?', 'No considerar los sentimientos de los demás.', 'Tratar de entender el punto de vista de los otros.', 'Imponer tus propios sentimientos.', 'Ignorar a los demás.', 'C', 3, true, '2024-10-13 05:21:08.597681', 'admin', 'localhost', '2024-10-13 05:21:08.597681', 'admin', 'localhost'),
('Comunicación Asertiva', NULL, 'Pregunta 17', 'En el ámbito profesional, manejar adecuadamente las críticas puede marcar una gran diferencia en tu desarrollo personal y profesional.', NULL, NULL, NULL, '¿Cómo deberías manejar las críticas?', 'Tomarlas de manera personal.', 'Escuchar y aprender de las críticas constructivas.', 'Reaccionar con enojo.', 'Ignorar las críticas.', 'B', 3, true, '2024-10-13 05:21:08.597681', 'admin', 'localhost', '2024-10-13 05:21:08.597681', 'admin', 'localhost'),
('Comunicación Asertiva', NULL, 'Pregunta 18', 'El lenguaje corporal puede transmitir mensajes poderosos en la comunicación. Mantener una postura abierta y amigable puede facilitar la interacción.', NULL, NULL, NULL, '¿Qué aspecto del lenguaje corporal es importante?', 'Cerrar los brazos y mirar hacia abajo.', 'Mantener una postura abierta y amigable.', 'Evitar el contacto visual.', 'Hacer gestos agresivos.', 'A', 3, true, '2024-10-13 05:21:08.597681', 'admin', 'localhost', '2024-10-13 05:21:08.597681', 'admin', 'localhost'),
('Comunicación Asertiva', NULL, 'Pregunta 19', 'En una discusión, es importante reconocer los puntos válidos de la otra persona para fomentar un diálogo constructivo y evitar que la conversación se vuelva confrontativa.', NULL, NULL, NULL, '¿Cómo puedes contribuir a un diálogo constructivo?', 'Desacreditar a la otra persona.', 'Reconocer los puntos válidos del otro.', 'Hablar solo de tus propias ideas.', 'Evitar escuchar.', 'D', 3, true, '2024-10-13 05:21:08.597681', 'admin', 'localhost', '2024-10-13 05:21:08.597681', 'admin', 'localhost'),
('Comunicación Asertiva', NULL, 'Pregunta 37', 'En la comunicación, ser asertivo también significa ser capaz de decir "no" de manera respetuosa y firme.', NULL, NULL, NULL, '¿Cómo puedes decir "no" de manera efectiva?', 'Evitando dar una respuesta.', 'Diciendo "no" de manera clara y respetuosa.', 'Gritando que no quieres.', 'Culpar a otros por tu decisión.', 'D', 3, true, '2024-10-13 05:21:08.597681', 'admin', 'localhost', '2024-10-13 05:21:08.597681', 'admin', 'localhost'),
('Comprensión Lectora', 208, 'La influencia de la tecnología en la educación', NULL, 'https://miro.medium.com/v2/resize:fit:700/1*U4gZLnRtHEeJuc6tdVLwPw.png', NULL, NULL, '¿Qué desafío se menciona en relación con la tecnología en el aprendizaje?', 'La personalización de la enseñanza', 'La distracción y sobrecarga de información', 'El acceso a recursos limitados', 'La falta de interacción social', 'B', 1, true, '2024-10-13 05:21:08.597681', 'admin', 'localhost', '2024-10-13 05:21:08.597681', 'admin', 'localhost'),
('Comprensión Lectora', 208, 'La influencia de la tecnología en la educación', NULL, 'https://miro.medium.com/v2/resize:fit:700/1*U4gZLnRtHEeJuc6tdVLwPw.png', NULL, NULL, 'Según el texto, ¿cómo deben los educadores adaptarse a la tecnología?', 'Evitar el uso de herramientas tecnológicas', 'Limitar el acceso a la información', 'Modificar sus métodos de enseñanza', 'Despriorizar la formación en tecnología', 'C', 1, true, '2024-10-13 05:21:08.597681', 'admin', 'localhost', '2024-10-13 05:21:08.597681', 'admin', 'localhost'),
('Comprensión Lectora', 208, 'La influencia de la tecnología en la educación', NULL, 'https://miro.medium.com/v2/resize:fit:700/1*U4gZLnRtHEeJuc6tdVLwPw.png', NULL, NULL, '¿Qué habilidad se menciona como importante para los estudiantes en el uso de la tecnología?', 'Desarrollar habilidades críticas', 'Aceptar toda la información sin cuestionar', 'Ignorar las fuentes de información', 'Evitar el trabajo colaborativo', 'A', 1, true, '2024-10-13 05:21:08.597681', 'admin', 'localhost', '2024-10-13 05:21:08.597681', 'admin', 'localhost'),
('Comprensión Lectora', 208, 'La influencia de la tecnología en la educación', NULL, 'https://miro.medium.com/v2/resize:fit:700/1*U4gZLnRtHEeJuc6tdVLwPw.png', NULL, NULL, '¿Cuál es una de las oportunidades que ofrece la tecnología en el aprendizaje?', 'Colaboración en proyectos en línea', 'Limitación de recursos educativos', 'Menos interacción entre compañeros', 'Aislamiento en el aprendizaje', 'A', 1, true, '2024-10-13 05:21:08.597681', 'admin', 'localhost', '2024-10-13 05:21:08.597681', 'admin', 'localhost'),
('Comprensión Lectora', 202, 'El poder de la perseverancia', NULL, 'https://miro.medium.com/v2/resize:fit:700/1*U4gZLnRtHEeJuc6tdVLwPw.png', NULL, NULL, '¿Cuál fue uno de los logros más importantes de Amelia Earhart?', 'Volar a través del Atlántico', 'Inventar el avión a reacción', 'Desarrollar técnicas de vuelo nocturno', 'Ser la primera persona en circunnavegar el mundo', 'A', 1, true, '2024-10-13 05:21:08.597681', 'admin', 'localhost', '2024-10-13 05:21:08.597681', 'admin', 'localhost'),
('Comunicación Asertiva', NULL, 'Pregunta 20', 'La asertividad implica defender tus derechos y expresar tus pensamientos de manera clara, pero sin menospreciar a los demás. Esto es esencial para una comunicación saludable.', NULL, NULL, NULL, '¿Qué es la asertividad?', 'Imponer tus ideas a los demás.', 'Expresar tus necesidades y derechos respetando a los demás.', 'Ser pasivo y no expresar nada.', 'Rechazar las opiniones ajenas.', 'C', 3, true, '2024-10-13 05:21:08.597681', 'admin', 'localhost', '2024-10-13 05:21:08.597681', 'admin', 'localhost'),
('Comunicación Asertiva', NULL, 'Pregunta 21', 'Al presentar una idea, es importante prepararse para posibles preguntas y objeciones. Esto demuestra seguridad y competencia.', NULL, NULL, NULL, '¿Cuál es un buen enfoque al presentar ideas?', 'Ignorar las preguntas de la audiencia.', 'Anticipar preguntas y preparar respuestas.', 'Hablar sin preparación.', 'No considerar las objeciones.', 'A', 3, true, '2024-10-13 05:21:08.597681', 'admin', 'localhost', '2024-10-13 05:21:08.597681', 'admin', 'localhost'),
('Comunicación Asertiva', NULL, 'Pregunta 22', 'La habilidad de comunicar claramente tus expectativas puede prevenir confusiones y malentendidos en el trabajo.', NULL, NULL, NULL, '¿Cómo puedes comunicar tus expectativas?', 'De manera vaga y ambigua.', 'Especificando claramente lo que esperas.', 'Asumiendo que todos lo saben.', 'No comunicando nada.', 'C', 3, true, '2024-10-13 05:21:08.597681', 'admin', 'localhost', '2024-10-13 05:21:08.597681', 'admin', 'localhost'),
('Comprensión Lectora', 202, 'El poder de la perseverancia', NULL, 'https://miro.medium.com/v2/resize:fit:700/1*U4gZLnRtHEeJuc6tdVLwPw.png', NULL, NULL, '¿Qué actitud tuvo Amelia frente a los obstáculos?', 'Desistió ante las dificultades', 'Los enfrentó con perseverancia', 'Los evitó siempre que pudo', 'Buscó ayuda externa para resolverlos', 'B', 1, true, '2024-10-13 05:21:08.597681', 'admin', 'localhost', '2024-10-13 05:21:08.597681', 'admin', 'localhost'),
('Comprensión Lectora', 202, 'El poder de la perseverancia', NULL, 'https://miro.medium.com/v2/resize:fit:700/1*U4gZLnRtHEeJuc6tdVLwPw.png', NULL, NULL, '¿Qué lecciones dejó la vida de Amelia Earhart?', 'Que los sueños grandes suelen ser inalcanzables', 'Que la pasión no es suficiente para alcanzar el éxito', 'Que la determinación puede superar los obstáculos', 'Que las mujeres no deben aventurarse en campos dominados por hombres', 'C', 1, true, '2024-10-13 05:21:08.597681', 'admin', 'localhost', '2024-10-13 05:21:08.597681', 'admin', 'localhost'),
('Razonamiento Crítico', NULL, 'Pregunta 44', 'Una caja contiene un total de 24 galletas que se reparten equitativamente entre 6 niños que asisten a una fiesta de cumpleaños. El número de galletas que recibe cada niño es esencial para asegurar que todos reciban lo mismo.', NULL, NULL, NULL, '¿Cuántas galletas recibe cada niño?', '3', '4', '5', '6', 'A', 2, true, '2024-10-13 05:21:08.597681', 'admin', 'localhost', '2024-10-13 05:21:08.597681', 'admin', 'localhost'),
('Razonamiento Crítico', NULL, 'Pregunta 45', 'Un coche viaja a una velocidad constante de 80 km/h y debe recorrer una distancia total de 240 km. Este dato es fundamental para calcular cuánto tiempo tomará llegar a su destino final.', NULL, NULL, NULL, '¿Cuánto tiempo tomará llegar al destino?', '2 horas', '3 horas', '4 horas', '5 horas', 'B', 2, true, '2024-10-13 05:21:08.597681', 'admin', 'localhost', '2024-10-13 05:21:08.597681', 'admin', 'localhost'),
('Razonamiento Crítico', NULL, 'Pregunta 46', 'Una botella de vino tiene un volumen total de 750 ml. Al servir 150 ml en una cena, es crucial calcular cuánto vino queda en la botella para no quedarnos sin bebida durante el evento.', NULL, NULL, NULL, '¿Cuánto vino queda?', '600 ml', '550 ml', '500 ml', '450 ml', 'C', 2, true, '2024-10-13 05:21:08.597681', 'admin', 'localhost', '2024-10-13 05:21:08.597681', 'admin', 'localhost'),
('Comunicación Asertiva', NULL, 'Pregunta 23', 'En un grupo, cada miembro aporta diferentes perspectivas. Valorar estas diferencias es crucial para el crecimiento y la innovación.', NULL, NULL, NULL, '¿Qué es importante hacer en un grupo?', 'Ignorar las opiniones de los demás.', 'Valorar y considerar las diferentes perspectivas.', 'Imponer tu propia opinión.', 'Desestimar las contribuciones ajenas.', 'B', 3, true, '2024-10-13 05:21:08.597681', 'admin', 'localhost', '2024-10-13 05:21:08.597681', 'admin', 'localhost'),
('Comunicación Asertiva', NULL, 'Pregunta 24', 'La retroalimentación debe ser vista como una oportunidad para mejorar y no como una crítica negativa. Esto puede fomentar un ambiente de aprendizaje.', NULL, NULL, NULL, '¿Cómo puedes ver la retroalimentación?', 'Como una forma de ataque.', 'Como una oportunidad para mejorar.', 'Como algo innecesario.', 'Como un motivo para rendirse.', 'C', 3, true, '2024-10-13 05:21:08.597681', 'admin', 'localhost', '2024-10-13 05:21:08.597681', 'admin', 'localhost'),
('Comunicación Asertiva', NULL, 'Pregunta 25', 'En situaciones de tensión, mantener la calma es esencial para resolver conflictos de manera efectiva y racional.', NULL, NULL, NULL, '¿Qué deberías hacer en momentos de tensión?', 'Dejar que las emociones dominen.', 'Mantener la calma y pensar racionalmente.', 'Gritar y perder la paciencia.', 'Ignorar el problema.', 'D', 3, true, '2024-10-13 05:21:08.597681', 'admin', 'localhost', '2024-10-13 05:21:08.597681', 'admin', 'localhost'),
('Comunicación Asertiva', NULL, 'Pregunta 26', 'La claridad en la comunicación también implica ser capaz de resumir y sintetizar la información importante para los demás.', NULL, NULL, NULL, '¿Qué es clave para una buena comunicación?', 'Utilizar información confusa.', 'Resumir y sintetizar los puntos clave.', 'Hablar sin un objetivo claro.', 'Repetir lo mismo sin variaciones.', 'A', 3, true, '2024-10-13 05:21:08.597681', 'admin', 'localhost', '2024-10-13 05:21:08.597681', 'admin', 'localhost'),
('Comunicación Asertiva', NULL, 'Pregunta 27', 'Las habilidades de escucha son tan importantes como las habilidades de hablar. Escuchar activamente puede mejorar enormemente la comunicación.', NULL, NULL, NULL, '¿Cómo puedes mejorar tu escucha?', 'Interrumpiendo constantemente.', 'Escuchando activamente y sin distracciones.', 'No prestando atención.', 'Haciendo suposiciones.', 'C', 3, true, '2024-10-13 05:21:08.597681', 'admin', 'localhost', '2024-10-13 05:21:08.597681', 'admin', 'localhost'),
('Comunicación Asertiva', NULL, 'Pregunta 28', 'La capacidad de formular preguntas abiertas puede facilitar discusiones más ricas y profundas en el trabajo.', NULL, NULL, NULL, '¿Qué tipo de preguntas son útiles?', 'Preguntas cerradas que limitan las respuestas.', 'Preguntas abiertas que fomentan la discusión.', 'Preguntas que no invitan a la reflexión.', 'Preguntas que solo permiten un sí o un no.', 'D', 3, true, '2024-10-13 05:21:08.597681', 'admin', 'localhost', '2024-10-13 05:21:08.597681', 'admin', 'localhost'),
('Razonamiento Crítico', NULL, 'Pregunta 27', 'Una de las obras más impactantes del arte moderno es "Guernica", pintada por Pablo Picasso. Esta poderosa creación aborda temas de guerra y sufrimiento, y su estilo refleja una profunda crítica social y emocional.', NULL, NULL, NULL, '¿De qué estilo es el "Guernica" de Picasso?', 'Cubismo', 'Impresionismo', 'Surrealismo', 'Realismo', 'A', 2, true, '2024-10-13 05:21:08.597681', 'admin', 'localhost', '2024-10-13 05:21:08.597681', 'admin', 'localhost'),
('Comprensión Lectora', 204, 'Los dilemas éticos de la biotecnología', NULL, 'https://miro.medium.com/v2/resize:fit:700/1*U4gZLnRtHEeJuc6tdVLwPw.png', NULL, NULL, '¿Qué potencial positivo tiene la biotecnología?', 'Puede aumentar la producción de alimentos', 'No tiene beneficios para la salud', 'Sólo beneficia a las grandes empresas', 'Limita el acceso a medicinas', 'A', 1, true, '2024-10-13 05:21:08.597681', 'admin', 'localhost', '2024-10-13 05:21:08.597681', 'admin', 'localhost'),
('Comprensión Lectora', 207, 'Los beneficios de la lectura en la vida cotidiana', 'La lectura es una actividad que no solo enriquece el conocimiento, sino que también mejora diversas habilidades cognitivas. A través de la lectura, las personas pueden desarrollar su capacidad de análisis, comprensión y crítica. Además, leer regularmente puede ser una fuente de entretenimiento y relajación, ayudando a reducir el estrés. En un mundo cada vez más digital, la lectura continúa siendo una herramienta fundamental para el aprendizaje y el crecimiento personal.', 'https://miro.medium.com/v2/resize:fit:700/1*U4gZLnRtHEeJuc6tdVLwPw.png', 'El hábito de la lectura puede ampliar el vocabulario y mejorar la escritura, lo cual es esencial en la comunicación efectiva. Por otro lado, también se ha demostrado que la lectura estimula la imaginación y la creatividad, permitiendo a las personas explorar nuevas ideas y perspectivas. En resumen, la lectura ofrece múltiples beneficios que impactan positivamente en diferentes aspectos de la vida.', NULL, '¿Cuál es uno de los beneficios de la lectura mencionado en el texto?', 'Mejora la capacidad de análisis', 'Disminuye la creatividad', 'Aumenta el estrés', 'Reduce el vocabulario', 'A', 1, true, '2024-10-13 05:21:08.597681', 'admin', 'localhost', '2024-10-13 05:21:08.597681', 'admin', 'localhost'),
('Comprensión Lectora', 207, 'Los beneficios de la lectura en la vida cotidiana', NULL, 'https://miro.medium.com/v2/resize:fit:700/1*U4gZLnRtHEeJuc6tdVLwPw.png', NULL, NULL, '¿Qué habilidad se mejora al leer según el texto?', 'La capacidad de comunicación', 'La memoria visual', 'La habilidad para escuchar', 'La velocidad al hablar', 'A', 1, true, '2024-10-13 05:21:08.597681', 'admin', 'localhost', '2024-10-13 05:21:08.597681', 'admin', 'localhost'),
('Comprensión Lectora', 207, 'Los beneficios de la lectura en la vida cotidiana', NULL, 'https://miro.medium.com/v2/resize:fit:700/1*U4gZLnRtHEeJuc6tdVLwPw.png', NULL, NULL, '¿Qué efecto tiene la lectura en el estrés?', 'Lo incrementa considerablemente', 'No tiene ningún efecto', 'Ayuda a reducirlo', 'Solo lo incrementa en los niños', 'C', 1, true, '2024-10-13 05:21:08.597681', 'admin', 'localhost', '2024-10-13 05:21:08.597681', 'admin', 'localhost'),
('Razonamiento Crítico', NULL, 'Pregunta 28', 'Una de las obras más icónicas del expresionismo es "El Grito", creada por Edvard Munch. Esta famosa pintura captura la angustia humana de una manera impactante y ha dejado una huella perdurable en la historia del arte.', NULL, NULL, NULL, '¿Cuál es el nombre completo de "El Grito" de Edvard Munch?', 'El Grito del Alma', 'El Grito de la Naturaleza', 'El Grito Desgarrador', 'El Grito de Horror', 'B', 2, true, '2024-10-13 05:21:08.597681', 'admin', 'localhost', '2024-10-13 05:21:08.597681', 'admin', 'localhost'),
('Razonamiento Crítico', NULL, 'Pregunta 29', 'Entre las obras más reconocidas de Vincent van Gogh se encuentra "La noche estrellada", una pintura que evoca emociones intensas a través de su representación del cielo nocturno. La técnica utilizada en esta obra ha sido objeto de admiración y estudio, destacando su singular estilo.', NULL, NULL, NULL, '¿Qué técnica utilizó Vincent van Gogh en "La noche estrellada"?', 'Óleo sobre lienzo', 'Acuarela', 'Tinta china', 'Grabado', 'A', 2, true, '2024-10-13 05:21:08.597681', 'admin', 'localhost', '2024-10-13 05:21:08.597681', 'admin', 'localhost'),
('Razonamiento Crítico', NULL, 'Pregunta 30', 'Uno de los innovadores del arte abstracto es un artista famoso por su técnica de "drip painting", que consiste en dejar caer o salpicar pintura sobre el lienzo. Esta forma de expresión ha transformado la manera en que se percibe el proceso creativo en la pintura.', NULL, NULL, NULL, '¿Qué artista es conocido por su técnica de "drip painting"?', 'Claude Monet', 'Jackson Pollock', 'Salvador Dalí', 'Joan Miró', 'B', 2, true, '2024-10-13 05:21:08.597681', 'admin', 'localhost', '2024-10-13 05:21:08.597681', 'admin', 'localhost'),
('Comunicación Asertiva', NULL, 'Pregunta 29', 'El respeto por los tiempos de los demás también es una parte importante de la comunicación asertiva. Cumplir con los plazos y ser puntual muestra profesionalismo.', NULL, NULL, NULL, '¿Cómo demuestras respeto por el tiempo de otros?', 'Llegando tarde sin avisar.', 'Cumpliendo con los plazos y siendo puntual.', 'Ignorando el tiempo de los demás.', 'No asistiendo a las reuniones.', 'A', 3, true, '2024-10-13 05:21:08.597681', 'admin', 'localhost', '2024-10-13 05:21:08.597681', 'admin', 'localhost'),
('Comunicación Asertiva', NULL, 'Pregunta 30', 'La comunicación asertiva incluye el uso de un tono adecuado que acompañe el mensaje que se desea transmitir.', NULL, NULL, NULL, '¿Qué es fundamental al comunicarte?', 'Usar un tono sarcástico.', 'Utilizar un tono adecuado y claro.', 'Hablar en un tono agresivo.', 'Ser monótono y sin entusiasmo.', 'D', 3, true, '2024-10-13 05:21:08.597681', 'admin', 'localhost', '2024-10-13 05:21:08.597681', 'admin', 'localhost'),
('Comunicación Asertiva', NULL, 'Pregunta 31', 'La forma en que damos y recibimos críticas puede tener un gran impacto en el ambiente laboral. Fomentar un diálogo abierto es esencial.', NULL, NULL, NULL, '¿Cuál es un buen enfoque para dar críticas?', 'Hacerlo en privado y de manera constructiva.', 'Criticar en público sin aviso.', 'No dar ninguna crítica.', 'Ignorar los errores.', 'A', 3, true, '2024-10-13 05:21:08.597681', 'admin', 'localhost', '2024-10-13 05:21:08.597681', 'admin', 'localhost'),
('Comunicación Asertiva', NULL, 'Pregunta 32', 'La comunicación asertiva no solo se trata de hablar, sino también de saber cuándo y cómo escuchar a los demás.', NULL, NULL, NULL, '¿Qué es esencial al escuchar?', 'No prestar atención a lo que dicen los demás.', 'Prestar atención y responder adecuadamente.', 'Interrumpir constantemente.', 'Pensar en lo que vas a decir a continuación.', 'C', 3, true, '2024-10-13 05:21:08.597681', 'admin', 'localhost', '2024-10-13 05:21:08.597681', 'admin', 'localhost'),
('Comunicación Asertiva', NULL, 'Pregunta 33', 'Al presentar un proyecto, es importante tener en cuenta la audiencia para adaptar tu mensaje de manera efectiva.', NULL, NULL, NULL, '¿Qué debes considerar al presentar?', 'Hablar de manera técnica sin preocuparte por la audiencia.', 'Adaptar tu mensaje a las necesidades de la audiencia.', 'No considerar a la audiencia en absoluto.', 'Hablar solo de tus propios logros.', 'D', 3, true, '2024-10-13 05:21:08.597681', 'admin', 'localhost', '2024-10-13 05:21:08.597681', 'admin', 'localhost'),
('Comunicación Asertiva', NULL, 'Pregunta 38', 'El establecimiento de límites claros es fundamental en las relaciones interpersonales. Esto ayuda a prevenir malentendidos y conflictos.', NULL, NULL, NULL, '¿Qué implica establecer límites?', 'Dejar que otros crucen tus límites.', 'Comunicar tus límites de manera clara y respetuosa.', 'No tener límites claros.', 'No expresar lo que te incomoda.', 'B', 3, true, '2024-10-13 05:21:08.597681', 'admin', 'localhost', '2024-10-13 05:21:08.597681', 'admin', 'localhost'),
('Comunicación Asertiva', NULL, 'Pregunta 39', 'En un ambiente de trabajo, la comunicación clara puede mejorar la eficiencia y la colaboración entre los miembros del equipo.', NULL, NULL, NULL, '¿Cuál es una clave para mejorar la comunicación?', 'Ser confuso y ambiguo.', 'Ser claro y directo en tus mensajes.', 'Hablar solo de ti.', 'No compartir información relevante.', 'C', 3, true, '2024-10-13 05:21:08.597681', 'admin', 'localhost', '2024-10-13 05:21:08.597681', 'admin', 'localhost'),
('Comunicación Asertiva', NULL, 'Pregunta 40', 'El uso de afirmaciones positivas en la comunicación puede ayudar a motivar a otros y a crear un ambiente de trabajo más positivo.', NULL, NULL, NULL, '¿Cómo puedes utilizar afirmaciones positivas?', 'Evitando reconocer los logros.', 'Reconociendo y celebrando los éxitos de otros.', 'Criticando constantemente.', 'Desalentando a los demás.', 'D', 3, true, '2024-10-13 05:21:08.597681', 'admin', 'localhost', '2024-10-13 05:21:08.597681', 'admin', 'localhost');
